variant,band,n,MAE_s,signed_bias_s,underestimate_fraction,overestimate_fraction,absolute_error_p95_s,invalid_MiD_n,strict_mean_MiD,finite_MiD_p95
Garl_event,c,201,0.3272433713336906,0.16592335362402344,0.4626865671641791,0.5373134328358209,1.319520703214404,0,95.05682628034822,320.69307989566374
Garl_event,l,108,1.8971394507087922,-1.5916813125086622,0.9074074074074074,0.09259259259259259,3.881035853971207,0,34.21178230631155,82.25769827595411
Garl_event,outside,99,8.387533927577671,-8.100635640225196,0.9696969696969697,0.030303030303030304,22.14792560654225,0,72.3957952937345,136.7553606857345
Garl_event,s,189,0.9536100830206444,0.27820336608832885,0.5978835978835979,0.4021164021164021,1.5780708175155909,0,36.69833852812744,91.38635974886631
H8_reference,c,201,0.700374575134625,0.656498629234952,0.16417910447761194,0.835820895522388,2.440740559616112,0,177.93787844792848,454.68805886290096
H8_reference,l,108,0.9810930566445912,-0.718815604722667,0.7685185185185185,0.23148148148148148,2.0777992006175796,0,17.63786241821185,37.30217074597685
H8_reference,outside,99,6.264026666808781,-6.264026666808781,1.0,0.0,17.64632179123752,0,52.3035018873738,98.08649602769874
H8_reference,s,189,0.545985218649003,0.25958284478512167,0.455026455026455,0.544973544973545,1.6807598972332571,0,25.834799528268448,64.43176247225162
H8_warp,c,201,0.6456602876950776,0.6114312993300256,0.14925373134328357,0.8507462686567164,2.3837937989075826,0,167.48511083910114,429.1927975918643
H8_warp,l,108,0.9640428422095504,-0.7031744452411948,0.7685185185185185,0.23148148148148148,2.219912630622925,0,17.327162326934513,39.92812647005869
H8_warp,outside,99,6.585034130475908,-6.585034130475908,1.0,0.0,18.384823754823195,0,57.40759551978995,120.6098314363558
H8_warp,s,189,0.5753526711739614,0.3868472119946621,0.31216931216931215,0.6878306878306878,1.8294842382771077,0,26.56357998179602,71.49161767157813
H8_warp_student,c,201,0.5947515138767033,0.5675224601279797,0.13432835820895522,0.8656716417910447,2.1687293036650517,0,162.9689052517891,397.3194575557996
H8_warp_student,l,108,0.9218088940207326,-0.5809700487814031,0.7407407407407407,0.25925925925925924,2.11872150842895,0,16.354821104129183,40.09409843216264
H8_warp_student,outside,99,5.5599101310277925,-5.557392458399308,0.98989898989899,0.010101010101010102,15.718974604241444,0,41.665518316404224,75.32253247139802
H8_warp_student,s,189,0.6848759592119583,0.6098480109012608,0.18518518518518517,0.8148148148148148,1.8981446078821307,0,31.030516003369975,80.18072654384878
