query_id,variant,truth_ttc_seconds
FCWD1:0201,H8_reference,
FCWD1:0201,H8_warp,
FCWD1:0201,H8_warp_student,
FCWD1:0202,H8_reference,
FCWD1:0202,H8_warp,
FCWD1:0202,H8_warp_student,
FCWD1:0203,H8_reference,
FCWD1:0203,H8_warp,
FCWD1:0203,H8_warp_student,
FCWD1:0204,H8_reference,
FCWD1:0204,H8_warp,
FCWD1:0204,H8_warp_student,
FCWD1:0205,H8_reference,
FCWD1:0205,H8_warp,
FCWD1:0205,H8_warp_student,
FCWD1:0206,H8_reference,
FCWD1:0206,H8_warp,
FCWD1:0206,H8_warp_student,
FCWD1:0207,H8_reference,
FCWD1:0207,H8_warp,
FCWD1:0207,H8_warp_student,
FCWD1:0208,H8_reference,
FCWD1:0208,H8_warp,
FCWD1:0208,H8_warp_student,
FCWD1:0209,H8_reference,
FCWD1:0209,H8_warp,
FCWD1:0209,H8_warp_student,
FCWD1:0210,H8_reference,
FCWD1:0210,H8_warp,
FCWD1:0210,H8_warp_student,
FCWD1:0211,H8_reference,
FCWD1:0211,H8_warp,
FCWD1:0211,H8_warp_student,
FCWD1:0212,H8_reference,
FCWD1:0212,H8_warp,
FCWD1:0212,H8_warp_student,
FCWD1:0213,H8_reference,
FCWD1:0213,H8_warp,
FCWD1:0213,H8_warp_student,
FCWD2:0204,H8_reference,
FCWD2:0204,H8_warp,
FCWD2:0204,H8_warp_student,
FCWD2:0205,H8_reference,
FCWD2:0205,H8_warp,
FCWD2:0205,H8_warp_student,
FCWD2:0206,H8_reference,
FCWD2:0206,H8_warp,
FCWD2:0206,H8_warp_student,
FCWD2:0207,H8_reference,
FCWD2:0207,H8_warp,
FCWD2:0207,H8_warp_student,
FCWD2:0208,H8_reference,
FCWD2:0208,H8_warp,
FCWD2:0208,H8_warp_student,
FCWD2:0209,H8_reference,
FCWD2:0209,H8_warp,
FCWD2:0209,H8_warp_student,
FCWD2:0210,H8_reference,
FCWD2:0210,H8_warp,
FCWD2:0210,H8_warp_student,
FCWD2:0211,H8_reference,
FCWD2:0211,H8_warp,
FCWD2:0211,H8_warp_student,
FCWD2:0212,H8_reference,
FCWD2:0212,H8_warp,
FCWD2:0212,H8_warp_student,
FCWD2:0213,H8_reference,
FCWD2:0213,H8_warp,
FCWD2:0213,H8_warp_student,
FCWD2:0214,H8_reference,
FCWD2:0214,H8_warp,
FCWD2:0214,H8_warp_student,
FCWD2:0215,H8_reference,
FCWD2:0215,H8_warp,
FCWD2:0215,H8_warp_student,
FCWD2:0216,H8_reference,
FCWD2:0216,H8_warp,
FCWD2:0216,H8_warp_student,
FCWD2:0217,H8_reference,
FCWD2:0217,H8_warp,
FCWD2:0217,H8_warp_student,
FCWD3:0192,H8_reference,
FCWD3:0192,H8_warp,
FCWD3:0192,H8_warp_student,
FCWD3:0193,H8_reference,
FCWD3:0193,H8_warp,
FCWD3:0193,H8_warp_student,
FCWD3:0194,H8_reference,
FCWD3:0194,H8_warp,
FCWD3:0194,H8_warp_student,
FCWD3:0195,H8_reference,
FCWD3:0195,H8_warp,
FCWD3:0195,H8_warp_student,
FCWD3:0196,H8_reference,
FCWD3:0196,H8_warp,
FCWD3:0196,H8_warp_student,
FCWD3:0197,H8_reference,
FCWD3:0197,H8_warp,
FCWD3:0197,H8_warp_student,
FCWD1:0201,Garl_event,
FCWD1:0202,Garl_event,
FCWD1:0203,Garl_event,
FCWD1:0204,Garl_event,
FCWD1:0205,Garl_event,
FCWD1:0206,Garl_event,
FCWD1:0207,Garl_event,
FCWD1:0208,Garl_event,
FCWD1:0209,Garl_event,
FCWD1:0210,Garl_event,
FCWD1:0211,Garl_event,
FCWD1:0212,Garl_event,
FCWD1:0213,Garl_event,
FCWD2:0204,Garl_event,
FCWD2:0205,Garl_event,
FCWD2:0206,Garl_event,
FCWD2:0207,Garl_event,
FCWD2:0208,Garl_event,
FCWD2:0209,Garl_event,
FCWD2:0210,Garl_event,
FCWD2:0211,Garl_event,
FCWD2:0212,Garl_event,
FCWD2:0213,Garl_event,
FCWD2:0214,Garl_event,
FCWD2:0215,Garl_event,
FCWD2:0216,Garl_event,
FCWD2:0217,Garl_event,
FCWD3:0192,Garl_event,
FCWD3:0193,Garl_event,
FCWD3:0194,Garl_event,
FCWD3:0195,Garl_event,
FCWD3:0196,Garl_event,
FCWD3:0197,Garl_event,
