query_id,sequence_id,variant,truth_ttc_seconds,ttc,MiD,signed_error_s,absolute_error_s,band,reused,computed,approximate_voxel_hits,min_source_roi_iou
FCWD3:0169,FCWD3,H8_reference,1.19563162480138,2.8396434783935547,514.9286483862215,1.6440118535921746,1.6440118535921746,c,0.0,8.0,0.0,1.0
FCWD3:0168,FCWD3,H8_reference,1.2071128348118454,2.890122652053833,512.6245923209406,1.6830098172419876,1.6830098172419876,c,0.0,8.0,0.0,1.0
FCWD3:0169,FCWD3,H8_warp,1.19563162480138,2.778972148895264,506.95644499101695,1.583340524093884,1.583340524093884,c,7.0,1.0,2.0,0.743944013176257
FCWD3:0168,FCWD3,H8_warp,1.2071128348118454,2.798107147216797,500.8314527888374,1.5909943124049515,1.5909943124049515,c,7.0,1.0,2.0,0.7130864197530864
FCWD2:0183,FCWD2,H8_reference,1.22118923650326,2.699091672897339,476.8195613410342,1.477902436394079,1.477902436394079,c,0.0,8.0,0.0,1.0
FCWD3:0168,FCWD3,H8_warp_student,1.2071128348118454,2.5819649696350098,469.75692165268293,1.3748521348231644,1.3748521348231644,c,7.0,1.0,2.0,0.7130864197530864
FCWD3:0179,FCWD3,H8_reference,1.36405884380092,3.440035343170166,466.36494036399387,2.075976499369246,2.075976499369246,c,0.0,8.0,0.0,1.0
FCWD3:0172,FCWD3,H8_reference,1.201695462290308,2.512737274169922,462.7231729793138,1.3110418118796139,1.3110418118796139,c,0.0,8.0,0.0,1.0
FCWD1:0181,FCWD1,H8_reference,1.2070136257533617,2.5227766036987305,460.37386158746807,1.3157629779453688,1.3157629779453688,c,0.0,8.0,0.0,1.0
FCWD3:0170,FCWD3,H8_reference,1.1949135380702898,2.461133480072021,459.18214022352447,1.2662199420017313,1.2662199420017313,c,0.0,8.0,0.0,1.0
FCWD2:0182,FCWD2,H8_reference,1.226186712433312,2.602205753326416,458.8497690005376,1.3760190408931041,1.3760190408931041,c,0.0,8.0,0.0,1.0
FCWD2:0183,FCWD2,H8_warp,1.22118923650326,2.572375059127808,457.8485905621057,1.3511858226245481,1.3511858226245481,c,7.0,1.0,2.0,0.7407908960428429
FCWD3:0171,FCWD3,H8_reference,1.19419533654634,2.449002504348755,457.63330614362036,1.2548071678024149,1.2548071678024149,c,0.0,8.0,0.0,1.0
FCWD1:0184,FCWD1,H8_reference,1.22861598704825,2.5874264240264893,454.8111854519437,1.3588104369782392,1.3588104369782392,c,0.0,8.0,0.0,1.0
FCWD3:0167,FCWD3,H8_reference,1.21859427420795,2.540599584579468,454.68805886290096,1.3220053103715181,1.3220053103715181,c,0.0,8.0,0.0,1.0
FCWD3:0171,FCWD3,H8_warp,1.19419533654634,2.430410385131836,454.37616536792757,1.236215048585496,1.236215048585496,c,7.0,1.0,2.0,0.7864293345405161
FCWD2:0181,FCWD2,H8_reference,1.23118408851968,2.5896661281585693,453.31086916256555,1.3584820396388892,1.3584820396388892,c,0.0,8.0,0.0,1.0
FCWD1:0179,FCWD1,H8_reference,1.2003662665497734,2.450527667999268,453.2010483958537,1.2501614014494946,1.2501614014494946,c,0.0,8.0,0.0,1.0
FCWD3:0179,FCWD3,H8_warp,1.36405884380092,3.2665488719940186,450.4512499045064,1.9024900281930985,1.9024900281930985,c,7.0,1.0,2.0,0.8685831935988889
FCWD3:0172,FCWD3,H8_warp,1.201695462290308,2.4218921661376958,447.16442953186163,1.2201967038473878,1.2201967038473878,c,7.0,1.0,2.0,0.7952689349578848
FCWD3:0176,FCWD3,H8_reference,1.2569483057226811,2.667085647583008,446.8594368456965,1.4101373418603267,1.4101373418603267,c,0.0,8.0,0.0,1.0
FCWD3:0170,FCWD3,H8_warp,1.1949135380702898,2.389899730682373,446.55049707452594,1.1949861926120833,1.1949861926120833,c,7.0,1.0,2.0,0.7667588391634674
FCWD2:0185,FCWD2,H8_reference,1.21729573623514,2.4804725646972656,445.7047661841939,1.2631768284621256,1.2631768284621256,c,0.0,8.0,0.0,1.0
FCWD1:0182,FCWD1,H8_reference,1.21023361774641,2.448041677474976,445.3621626587367,1.2378080597285661,1.2378080597285661,c,0.0,8.0,0.0,1.0
FCWD1:0180,FCWD1,H8_reference,1.20379311901457,2.409831523895264,443.42716497376455,1.206038404880694,1.206038404880694,c,0.0,8.0,0.0,1.0
FCWD3:0169,FCWD3,H8_warp_student,1.19563162480138,2.3756418228149414,443.38069165137586,1.1800101980135613,1.1800101980135613,c,7.0,1.0,2.0,0.743944013176257
FCWD2:0186,FCWD2,H8_reference,1.2374646175542892,2.553879737854004,443.1952703366281,1.3164151202997147,1.3164151202997147,c,0.0,8.0,0.0,1.0
FCWD2:0182,FCWD2,H8_warp,1.226186712433312,2.4843173027038574,439.8672732248075,1.2581305902705455,1.2581305902705455,c,7.0,1.0,2.0,0.7195085229985091
FCWD3:0177,FCWD3,H8_reference,1.28486858012965,2.7275948524475098,436.7328380075666,1.4427262723178598,1.4427262723178598,c,0.0,8.0,0.0,1.0
FCWD2:0184,FCWD2,H8_reference,1.2192426614104228,2.4301633834838867,435.5753093000165,1.210920722073464,1.210920722073464,c,0.0,8.0,0.0,1.0
FCWD1:0181,FCWD1,H8_warp,1.2070136257533617,2.375150442123413,434.68667712945415,1.1681368163700514,1.1681368163700514,c,7.0,1.0,2.0,0.7435375400726392
FCWD2:0186,FCWD2,H8_warp,1.2374646175542892,2.497311592102051,433.96006704203535,1.2598469745477616,1.2598469745477616,c,7.0,1.0,2.0,0.7809973107995989
FCWD1:0184,FCWD1,H8_warp,1.22861598704825,2.4326095581054688,429.1927975918643,1.2039935710572187,1.2039935710572187,c,7.0,1.0,2.0,0.7798758576104555
FCWD1:0180,FCWD1,H8_warp,1.20379311901457,2.316948652267456,426.0565151735994,1.113155533252886,1.113155533252886,c,7.0,1.0,2.0,0.723513187222177
FCWD2:0182,FCWD2,H8_warp_student,1.226186712433312,2.4029078483581543,425.6478358748011,1.1767211359248424,1.1767211359248424,c,7.0,1.0,2.0,0.7195085229985091
FCWD2:0185,FCWD2,H8_warp,1.21729573623514,2.3664262294769287,425.4388997229389,1.1491304932417887,1.1491304932417887,c,7.0,1.0,2.0,0.778991533083827
FCWD3:0167,FCWD3,H8_warp,1.21859427420795,2.369260311126709,425.0129831741585,1.150666036918759,1.150666036918759,c,7.0,1.0,2.0,0.6854160102919554
FCWD3:0178,FCWD3,H8_warp,1.3244676676809817,2.809858798980713,422.6672314278862,1.4853911312997312,1.4853911312997312,c,7.0,1.0,2.0,0.8439848371571564
FCWD1:0179,FCWD1,H8_warp,1.2003662665497734,2.265094757080078,418.31173160746073,1.0647284905303047,1.0647284905303047,c,7.0,1.0,2.0,0.7017187848073068
FCWD3:0176,FCWD3,H8_warp,1.2569483057226811,2.480073928833008,417.44216000651596,1.2231256231103267,1.2231256231103267,c,7.0,1.0,2.0,0.7972437419040115
FCWD1:0182,FCWD1,H8_warp,1.21023361774641,2.288228988647461,415.5733859895626,1.077995370901051,1.077995370901051,c,7.0,1.0,2.0,0.7631126965253006
FCWD2:0184,FCWD2,H8_warp,1.2192426614104228,2.3186192512512207,414.9082054617128,1.099376589840798,1.099376589840798,c,7.0,1.0,2.0,0.7601042558997392
FCWD3:0175,FCWD3,H8_warp,1.22903305174386,2.341638803482056,412.223429030681,1.1126057517381962,1.1126057517381962,c,7.0,1.0,2.0,0.8010036397605391
FCWD3:0179,FCWD3,H8_warp_student,1.36405884380092,2.9028751850128174,410.80904000803093,1.5388163412118974,1.5388163412118974,c,7.0,1.0,2.0,0.8685831935988889
FCWD3:0167,FCWD3,H8_warp_student,1.21859427420795,2.2875328063964844,409.2565216581345,1.0689385321885343,1.0689385321885343,c,7.0,1.0,2.0,0.6854160102919554
FCWD3:0178,FCWD3,H8_warp_student,1.3244676676809817,2.7113029956817627,409.24425183454383,1.386835328000781,1.386835328000781,c,7.0,1.0,2.0,0.8439848371571564
FCWD2:0181,FCWD2,H8_warp_student,1.23118408851968,2.320810556411743,406.67172184760057,1.089626467892063,1.089626467892063,c,7.0,1.0,2.0,0.6964884299307958
FCWD2:0183,FCWD2,H8_warp_student,1.22118923650326,2.2643632888793945,402.67842237920377,1.0431740523761346,1.0431740523761346,c,7.0,1.0,2.0,0.7407908960428429
FCWD1:0179,FCWD1,H8_warp_student,1.2003662665497734,2.179891586303711,400.24264249448686,0.9795253197539375,0.9795253197539375,c,7.0,1.0,2.0,0.7017187848073068
FCWD3:0178,FCWD3,Garl_event,1.3244676676809817,2.6439883708953857,399.4897651434747,1.319520703214404,1.319520703214404,c,,,,
FCWD3:0176,FCWD3,H8_warp_student,1.2569483057226811,2.375560998916626,398.94031281415306,1.1186126931939449,1.1186126931939449,c,7.0,1.0,2.0,0.7972437419040115
FCWD3:0170,FCWD3,H8_warp_student,1.1949135380702898,2.1483073234558105,397.3194575557996,0.9533937853855208,0.9533937853855208,c,7.0,1.0,2.0,0.7667588391634674
FCWD1:0180,FCWD1,H8_warp_student,1.20379311901457,2.1708366870880127,395.6502491038667,0.9670435680734426,0.9670435680734426,c,7.0,1.0,2.0,0.723513187222177
FCWD1:0181,FCWD1,H8_warp_student,1.2070136257533617,2.181448459625244,395.5820761437119,0.9744348338718825,0.9744348338718825,c,7.0,1.0,2.0,0.7435375400726392
FCWD1:0182,FCWD1,H8_warp_student,1.21023361774641,2.1433475017547607,384.6348908273828,0.9331138840083508,0.9331138840083508,c,7.0,1.0,2.0,0.7631126965253006
FCWD3:0175,FCWD3,H8_warp_student,1.22903305174386,2.192666292190552,381.8686593773453,0.9636332404466923,0.9636332404466923,c,7.0,1.0,2.0,0.8010036397605391
FCWD3:0171,FCWD3,H8_warp_student,1.19419533654634,2.0794692039489746,381.6941858999992,0.8852738674026346,0.8852738674026346,c,7.0,1.0,2.0,0.7864293345405161
FCWD3:0176,FCWD3,Garl_event,1.2569483057226811,2.26676869392395,377.82678112667173,1.009820388201269,1.009820388201269,c,,,,
FCWD3:0177,FCWD3,H8_warp_student,1.28486858012965,2.348010540008545,375.01805001823215,1.063141959878895,1.063141959878895,c,7.0,1.0,2.0,0.8197398157889428
FCWD2:0184,FCWD2,H8_warp_student,1.2192426614104228,2.1153383255004883,371.49955535453216,0.8960956640900655,0.8960956640900655,c,7.0,1.0,2.0,0.7601042558997392
FCWD3:0181,FCWD3,Garl_event,1.50443245158291,3.2085986137390137,371.2019160315207,1.7041661621561037,1.7041661621561037,c,,,,
FCWD3:0180,FCWD3,Garl_event,1.4342449465600635,2.892404079437256,370.8787664637746,1.4581591328771923,1.4581591328771923,c,,,,
FCWD3:0172,FCWD3,H8_warp_student,1.201695462290308,2.057598352432251,370.62059504282115,0.855902890141943,0.855902890141943,c,7.0,1.0,2.0,0.7952689349578848
FCWD2:0192,FCWD2,Garl_event,1.4942819305999606,3.132070302963257,368.1766977814892,1.6377883723632962,1.6377883723632962,c,,,,
FCWD2:0185,FCWD2,H8_warp_student,1.21729573623514,2.0903842449188232,367.0035402920891,0.8730885086836833,0.8730885086836833,c,7.0,1.0,2.0,0.778991533083827
FCWD2:0191,FCWD2,Garl_event,1.41058056685251,2.741267681121826,363.69662744326433,1.3306871142693162,1.3306871142693162,c,,,,
FCWD3:0179,FCWD3,Garl_event,1.36405884380092,2.5382182598114014,359.42039632757735,1.1741594160104813,1.1741594160104813,c,,,,
FCWD3:0177,FCWD3,Garl_event,1.28486858012965,2.1842944622039795,341.6210999351649,0.8994258820743295,0.8994258820743295,c,,,,
FCWD3:0175,FCWD3,Garl_event,1.22903305174386,1.9855445623397827,331.89619887125116,0.7565115105959228,0.7565115105959228,c,,,,
FCWD1:0189,FCWD1,Garl_event,1.4537129730780136,2.6341333389282227,325.67263197769586,1.180420365850209,1.180420365850209,c,,,,
FCWD1:0190,FCWD1,Garl_event,1.53433046461044,2.881019830703736,320.69307989566374,1.3466893660932957,1.3466893660932957,c,,,,
FCWD2:0177,FCWD2,Garl_event,1.27674612837228,2.066488027572632,319.60306245534116,0.7897418992003518,0.7897418992003518,c,,,,
FCWD1:0175,FCWD1,Garl_event,1.2178929002381045,1.837294340133667,297.1156424603625,0.6194014398955625,0.6194014398955625,c,,,,
FCWD2:0178,FCWD2,Garl_event,1.2641411815737875,1.904554009437561,284.7496148569928,0.6404128278637735,0.6404128278637735,c,,,,
FCWD1:0178,FCWD1,Garl_event,1.19694003027758,1.7152740955352783,271.7558307915064,0.5183340652576984,0.5183340652576984,c,,,,
FCWD1:0176,FCWD1,Garl_event,1.20695100859373,1.734624266624451,271.1009782801398,0.5276732580307208,0.5276732580307208,c,,,,
FCWD3:0182,FCWD3,Garl_event,1.6002859458514007,2.652427911758423,260.96223708831144,1.0521419659070221,1.0521419659070221,c,,,,
FCWD2:0193,FCWD2,Garl_event,1.57796824375455,2.58835768699646,260.6911403227319,1.01038944324191,1.01038944324191,c,,,,
FCWD1:0177,FCWD1,Garl_event,1.201945569438044,1.6865880489349363,257.4248188738415,0.4846424794968922,0.4846424794968922,c,,,,
FCWD3:0184,FCWD3,Garl_event,1.82866474890206,3.265809774398804,251.37893189026906,1.4371450254967442,1.4371450254967442,c,,,,
