kind,family,id,candidate,reference,MiD,reference_MiD,delta,hierarchical_ci95_lower,hierarchical_ci95_upper,sequence_ci95_lower,sequence_ci95_upper,sign_delta,crucial_delta,precision_screen_pass,efficiency_status,system_substitution_supported,queries,independent_sequences,seed,exploratory
arm,N2,A5_ONLY_C0,A5_ONLY_C0,,127.78537635061475,,,,,,,,,,NOT_MEASURED_HERE,False,8192,9,7,True
arm,N2,A5_PAIR_C0,A5_PAIR_C0,,124.6687315243296,,,,,,,,,,NOT_MEASURED_HERE,False,8192,9,7,True
arm,N2,C2F_ONLY_C0,C2F_ONLY_C0,,126.70497421775481,,,,,,,,,,NOT_MEASURED_HERE,False,8192,9,7,True
arm,N2,FULL_C0,FULL_C0,,121.40470604724992,,,,,,,,,,NOT_MEASURED_HERE,False,8192,9,7,True
arm,N2,H8@7,H8@7,,121.64633225755654,,,,,,,,,,NOT_MEASURED_HERE,False,8192,9,7,True
contrast,N2,FULL_C0_minus_H8@7,FULL_C0,H8@7,121.40470604724992,121.64633225755654,-0.2416262103066833,-0.62106959322433075,0.14280577379537274,-0.52893322034963619,-0.00043319786180844185,-0.00057056384386397388,0.014099810973145097,True,COST_MEASUREMENT_REQUIRED,False,8192,9,7,True
contrast,N2,A5_ONLY_C0_minus_FULL_C0,A5_ONLY_C0,FULL_C0,127.78537635061475,121.40470604724992,6.3806703033650773,-0.097268884187601046,13.804899200544122,1.0923189972123077,12.37371718445006,0.009110966535465715,12.34687327131234,False,COST_MEASUREMENT_REQUIRED,False,8192,9,7,True
contrast,N2,C2F_ONLY_C0_minus_FULL_C0,C2F_ONLY_C0,FULL_C0,126.70497421775481,121.40470604724992,5.3002681705048404,-0.1472445951258283,11.033927080586398,0.82395534221821343,10.042429088992053,0.0058959809890513333,10.243616501399021,False,COST_MEASUREMENT_REQUIRED,False,8192,9,7,True
contrast,N2,A5_PAIR_C0_minus_FULL_C0,A5_PAIR_C0,FULL_C0,124.6687315243296,121.40470604724992,3.2640254770798549,-2.4680534514039114,8.8896727359905618,-1.491152819380906,8.1575811636108071,0.008557541590915603,6.4203098921107422,False,COST_MEASUREMENT_REQUIRED,False,8192,9,7,True
arm,N3,FULL_C0,FULL_C0,,121.40470604724992,,,,,,,,,,NOT_MEASURED_HERE,False,8192,9,7,True
arm,N3,H8@7,H8@7,,121.64633225755662,,,,,,,,,,NOT_MEASURED_HERE,False,8192,9,7,True
arm,N3,SET_AGE_C0,SET_AGE_C0,,122.4426042260957,,,,,,,,,,NOT_MEASURED_HERE,False,8192,9,7,True
arm,N3,SET_NOTIME_C0,SET_NOTIME_C0,,123.68659985760679,,,,,,,,,,NOT_MEASURED_HERE,False,8192,9,7,True
contrast,N3,SET_AGE_C0_minus_FULL_C0,SET_AGE_C0,FULL_C0,122.4426042260957,121.40470604724992,1.0378981788458321,-3.0355556542166293,4.6344481546170835,-2.2488121774060028,3.4189270519354049,0.00055850762775672483,3.0115873675307117,False,COST_MEASUREMENT_REQUIRED,False,8192,9,7,True
contrast,N3,SET_NOTIME_C0_minus_SET_AGE_C0,SET_NOTIME_C0,SET_AGE_C0,123.68659985760679,122.4426042260957,1.2439956315111262,-0.69574839956354673,2.6766788018183627,0.092796721507405103,2.2638898416205233,0.00075459181722673917,2.9884317314855524,False,COST_MEASUREMENT_REQUIRED,False,8192,9,7,True
