sequence_id,model,queries,labeled_queries,finite_predictions_on_labels,coverage,mae_seconds,rmse_seconds,median_absolute_error_seconds,signed_bias_seconds
CCRm-low-0-overlap-0,H8_seed7,32,32,32,1.0,0.5779693271068982,0.753305944339565,0.48855428099611686,-0.20125796042246724
CCRm-low-0-overlap-0,H8_seed13,32,32,32,1.0,0.5759172452554405,0.7535211853458562,0.4351113504054692,-0.23085362978143598
CCRm-low-0-overlap-0,H8_seed23,32,32,32,1.0,0.5702518312064503,0.7433434246291587,0.4621977275493291,-0.20574621997637654
CCRm-low-0-overlap-0,public_Garl_event_lhr,32,32,32,1.0,2.7629405474660302,7.045548836716494,0.562023363462725,-1.4770023278133384
CCRm-low-100-overlap-100,H8_seed7,32,26,26,1.0,1.235862846381259,1.7749188679061645,0.9114051485140378,-1.0063051056764438
CCRm-low-100-overlap-100,H8_seed13,32,26,26,1.0,1.2113857081372825,1.6611179889245153,0.9421891117125969,-1.0345934242371173
CCRm-low-100-overlap-100,H8_seed23,32,26,26,1.0,1.1659651623392011,1.6177987507621963,0.9096218320103757,-0.9690521109923711
CCRm-low-100-overlap-100,public_Garl_event_lhr,32,26,26,1.0,1.5459541881820333,2.609312306478727,0.8871817149030052,-0.5688047938983017
CCRm-low-50-overlap-50,H8_seed7,32,30,30,1.0,0.8019790177470187,1.24444546119395,0.5443961790807998,-0.7343772950136402
CCRm-low-50-overlap-50,H8_seed13,32,30,30,1.0,0.8484404807215671,1.2517585227428785,0.5695602251333494,-0.792611009117339
CCRm-low-50-overlap-50,H8_seed23,32,30,30,1.0,0.7418486282155653,0.9964161274852879,0.5578539729697645,-0.6643272938692311
CCRm-low-50-overlap-50,public_Garl_event_lhr,32,30,30,1.0,1.2615985126856026,2.5230733615269423,0.6631143701383799,-0.8598892114921152
CCRm-medium-0-overlap-0,H8_seed7,32,26,26,1.0,2.122191069398134,3.853867903674779,0.7066637404297678,-1.5983725738154961
CCRm-medium-0-overlap-0,H8_seed13,32,26,26,1.0,2.078315482870089,3.857480378976201,0.6269542105530588,-1.5863263306797504
CCRm-medium-0-overlap-0,H8_seed23,32,26,26,1.0,1.944158894380735,3.637476545871753,0.6727107293938486,-1.4332675885783746
CCRm-medium-0-overlap-0,public_Garl_event_lhr,32,26,26,1.0,2.5248621544219785,4.4463453253328185,1.3612250119044917,-1.1313047361003474
CCRm-medium-100-overlap-100,H8_seed7,32,28,28,1.0,1.7167436305500847,3.4375534356298587,0.5082571005534682,-1.3076262031147994
CCRm-medium-100-overlap-100,H8_seed13,32,28,28,1.0,1.6782844785668236,3.4440735522688355,0.6539739197527363,-1.2787850950310744
CCRm-medium-100-overlap-100,H8_seed23,32,28,28,1.0,1.5705894950844628,3.1976532615839703,0.4646058848451782,-1.1664725567478627
CCRm-medium-100-overlap-100,public_Garl_event_lhr,32,28,28,1.0,3.9348940075432153,8.430585118434935,1.4487545012780763,-0.9193962837833851
CCRm-medium-50-overlap-50,H8_seed7,32,31,31,1.0,1.7952576083132814,3.3132728426922,0.6067556235634761,-1.6141378154314898
CCRm-medium-50-overlap-50,H8_seed13,32,31,31,1.0,1.7493652850104875,3.281296679852091,0.5852812561334471,-1.5760824878006776
CCRm-medium-50-overlap-50,H8_seed23,32,31,31,1.0,1.6463240976867655,3.026452117622403,0.5311336873962884,-1.4556588401354693
CCRm-medium-50-overlap-50,public_Garl_event_lhr,32,31,31,1.0,5.381783353162089,20.774981085951907,0.9238078858665042,3.2994549576676095
CCRs-1-high-0-overlap-0,H8_seed7,32,30,30,1.0,0.6941117890000695,0.853729463048781,0.5701056124571833,0.6645740644902454
CCRs-1-high-0-overlap-0,H8_seed13,32,30,30,1.0,0.7095866806626672,0.9669289066973079,0.5135803820494684,0.673767914053844
CCRs-1-high-0-overlap-0,H8_seed23,32,30,30,1.0,0.7448121872862532,1.0085259602587746,0.4994341643917968,0.7154985762407845
CCRs-1-high-0-overlap-0,public_Garl_event_lhr,32,30,30,1.0,1.9664553536068532,3.18719266991871,0.8751807221747553,0.6912778314720059
CCRs-1-high-100-overlap-100,H8_seed7,32,30,30,1.0,0.8249862083581956,0.9966399101008345,0.6598276224673524,0.8118212636416069
CCRs-1-high-100-overlap-100,H8_seed13,32,30,30,1.0,0.8020646262951564,0.9782109178364459,0.61103315067472,0.7875504231557162
CCRs-1-high-100-overlap-100,H8_seed23,32,30,30,1.0,0.8001342265593878,0.9569945837236031,0.6190891601572882,0.7859218136573743
CCRs-1-high-100-overlap-100,public_Garl_event_lhr,32,30,30,1.0,1.606637037234529,2.4563355181792033,0.823846047467222,0.9633154130086214
CCRs-1-high-50-overlap-50,H8_seed7,32,30,30,1.0,0.8361637527079033,1.0490372453085586,0.6400414733836126,0.8301908662557091
CCRs-1-high-50-overlap-50,H8_seed13,32,30,30,1.0,0.8669597055800267,1.0737692512146544,0.6178328237213444,0.8570501298347598
CCRs-1-high-50-overlap-50,H8_seed23,32,30,30,1.0,0.948408592804222,1.1564628043416243,0.631941899853082,0.948408592804222
CCRs-1-high-50-overlap-50,public_Garl_event_lhr,32,30,30,1.0,2.5200736891592967,4.8317059853663595,1.4335311583752448,-0.5306543180704626
CCRs-1-low-0-overlap-0,H8_seed7,32,26,26,1.0,0.41296223336328014,0.5450925820198221,0.2635276330147346,-0.020684235306915946
CCRs-1-low-0-overlap-0,H8_seed13,32,26,26,1.0,0.39551009194843884,0.5407486577244718,0.29105236300458914,-0.07725540255586191
CCRs-1-low-0-overlap-0,H8_seed23,32,26,26,1.0,0.3866882537727908,0.531074137449831,0.25279712802511056,-0.04559578109707473
CCRs-1-low-0-overlap-0,public_Garl_event_lhr,32,26,26,1.0,0.6061739956676763,0.9554702274714669,0.3837853912091438,0.2170563180354631
CCRs-1-low-100-overlap-100,H8_seed7,32,31,31,1.0,4.80621668374203,11.648779699956195,1.0632707618104975,3.349758287973978
CCRs-1-low-100-overlap-100,H8_seed13,32,31,31,1.0,4.806740887556038,9.006658684270926,1.04915688588396,2.054676095706837
CCRs-1-low-100-overlap-100,H8_seed23,32,31,31,1.0,6.349331674889865,13.968717514250203,0.979468300186352,3.8177199607876395
CCRs-1-low-100-overlap-100,public_Garl_event_lhr,32,31,31,1.0,7.971134743414302,11.463654161200566,6.974841183161621,-4.068433529524999
CCRs-1-low-50-overlap-50,H8_seed7,32,32,32,1.0,0.3336618305945137,0.4199193795669777,0.3219055607311768,0.27010194742959037
CCRs-1-low-50-overlap-50,H8_seed13,32,32,32,1.0,0.29378115167789814,0.3680651234137493,0.26528182594223637,0.21154833743255635
CCRs-1-low-50-overlap-50,H8_seed23,32,32,32,1.0,0.307566628395607,0.3864713008912338,0.29595467416687626,0.24699184829276105
CCRs-1-low-50-overlap-50,public_Garl_event_lhr,32,32,32,1.0,0.4425967430902482,0.6560562022069517,0.33316402683911095,0.3071385712353517
CCRs-1-medium-0-overlap-0,H8_seed7,32,28,28,1.0,0.48355825743428843,0.6244654185834323,0.4128036820127927,0.47236192128219573
CCRs-1-medium-0-overlap-0,H8_seed13,32,28,28,1.0,0.46423299272126,0.6152079368427396,0.40914562856354364,0.4530530391819542
CCRs-1-medium-0-overlap-0,H8_seed23,32,28,28,1.0,0.48335128068268274,0.6267498994977455,0.41123119227432836,0.4786698595514022
CCRs-1-medium-0-overlap-0,public_Garl_event_lhr,32,28,28,1.0,0.7654049362102795,1.0551474368177676,0.5321112789943118,0.7220026117110658
CCRs-1-medium-100-overlap-100,H8_seed7,32,30,30,1.0,2.324977899480986,2.698530049405899,2.45242880264397,2.2388420245496823
CCRs-1-medium-100-overlap-100,H8_seed13,32,30,30,1.0,3.012113150844105,3.8462398026734994,2.7532955993652832,2.9321268063235677
CCRs-1-medium-100-overlap-100,H8_seed23,32,30,30,1.0,3.4582659419090507,4.861873342652811,3.1437080119615732,3.4496731620479024
CCRs-1-medium-100-overlap-100,public_Garl_event_lhr,32,30,30,1.0,3.4475553554059863,6.605790821882425,1.8376786856217526,0.5406236948021647
CCRs-1-medium-50-overlap-50,H8_seed7,32,31,31,1.0,0.35884877050822156,0.40913697003862526,0.32762666497314363,0.2522089330409584
CCRs-1-medium-50-overlap-50,H8_seed13,32,31,31,1.0,0.3272498288362828,0.37776713813439794,0.281214908404126,0.22116673405995022
CCRs-1-medium-50-overlap-50,H8_seed23,32,31,31,1.0,0.3302276281446556,0.3815489793929943,0.2829052961299561,0.24365357073947036
CCRs-1-medium-50-overlap-50,public_Garl_event_lhr,32,31,31,1.0,0.6775081094426975,0.8978833310049507,0.45884400370258804,0.5302968566446317
CCRs-2-high-100-overlap-100,H8_seed7,32,30,30,1.0,0.7053238912358741,1.0164205472752932,0.37794999238575444,0.6037680084209868
CCRs-2-high-100-overlap-100,H8_seed13,32,30,30,1.0,0.6891827348803342,0.9959703308209072,0.3737977598326193,0.5602857485116748
CCRs-2-high-100-overlap-100,H8_seed23,32,30,30,1.0,0.754275356314632,1.1153956060718953,0.3962189575528626,0.6291424249312508
CCRs-2-high-100-overlap-100,public_Garl_event_lhr,32,30,30,1.0,1.3057029276885737,1.8355007933567329,0.7695297560470712,1.188405940403663
CCRs-2-low-100-overlap-100,H8_seed7,32,32,32,1.0,0.8882396215618231,1.326318159262404,0.46671078481309825,-0.5830363393262199
CCRs-2-low-100-overlap-100,H8_seed13,32,32,32,1.0,0.7558015579403021,1.0892365563242858,0.4659865570811166,-0.5166261703208259
CCRs-2-low-100-overlap-100,H8_seed23,32,32,32,1.0,0.728010638994036,1.0299380797303896,0.4794568491724862,-0.46059197787793194
CCRs-2-low-100-overlap-100,public_Garl_event_lhr,32,32,32,1.0,6.037933608561865,28.001135489619045,0.5591179889803957,-5.6064212419524955
CCRs-2-medium-100-overlap-100,H8_seed7,32,30,30,1.0,0.4547440011447668,0.5727682718950327,0.43243016703661497,0.3290742974406384
CCRs-2-medium-100-overlap-100,H8_seed13,32,30,30,1.0,0.4429398251890291,0.5934272194429624,0.3574358549627622,0.29748457878091955
CCRs-2-medium-100-overlap-100,H8_seed23,32,30,30,1.0,0.4566030336736787,0.5895094378153451,0.38542349674051424,0.3072347979670666
CCRs-2-medium-100-overlap-100,public_Garl_event_lhr,32,30,30,1.0,1.4926748065534772,1.9641743324855407,1.2369087065472777,1.3288251977091934
CCRs-3-low-100-overlap-100,H8_seed7,32,25,25,1.0,0.5335360079542607,0.6937581990504498,0.4767444531041525,0.12076360673714552
CCRs-3-low-100-overlap-100,H8_seed13,32,25,25,1.0,0.436652653767249,0.531517298969772,0.34063787304650806,0.166773795793542
CCRs-3-low-100-overlap-100,H8_seed23,32,25,25,1.0,0.45868934924759563,0.5485526945353263,0.4346008710568112,0.20637022943306838
CCRs-3-low-100-overlap-100,public_Garl_event_lhr,32,25,25,1.0,0.7006049433481913,1.0121909189780998,0.6174934527374267,0.3353541275959102
CCRs-3-medium-100-overlap-100,H8_seed7,32,31,31,1.0,0.45568676786398193,0.6625812083929322,0.35299923714794934,0.13692504698473815
CCRs-3-medium-100-overlap-100,H8_seed13,32,31,31,1.0,0.43925184047716515,0.6683068996965452,0.31411887057246,0.10915172438711142
CCRs-3-medium-100-overlap-100,H8_seed23,32,31,31,1.0,0.43727635796718295,0.6464830272218234,0.30606585341357073,0.10094278812651887
CCRs-3-medium-100-overlap-100,public_Garl_event_lhr,32,31,31,1.0,0.9975133425717991,1.3067472927963861,0.8247574380613276,0.8416686168818054
CCRs-side-high,H8_seed7,32,32,32,1.0,0.8883147312955075,1.1298984095102964,0.7159586473505613,0.8310961181868695
CCRs-side-high,H8_seed13,32,32,32,1.0,0.7959568662287451,1.0641114613933256,0.6285864277634523,0.7639679441799305
CCRs-side-high,H8_seed23,32,32,32,1.0,0.8320378361896688,1.0976132864681247,0.6853484455228636,0.795804461335101
CCRs-side-high,public_Garl_event_lhr,32,32,32,1.0,153.32015406732899,864.1523199533466,0.3608342413124024,153.20687162676944
CCRs-side-low,H8_seed7,32,32,32,1.0,1.3079897070241209,1.5317108550902363,1.187328781164746,1.1800287824967404
CCRs-side-low,H8_seed13,32,32,32,1.0,1.2422335668539368,1.4554013445355685,1.1352242771934824,1.1938734550872345
CCRs-side-low,H8_seed23,32,32,32,1.0,1.2959667253697889,1.5153875337672613,1.2405046765159922,1.257141829738905
CCRs-side-low,public_Garl_event_lhr,32,32,32,1.0,0.9337664674393611,1.2503464567090805,0.725710824331221,0.22813829527287705
CCRs-side-medium,H8_seed7,32,32,32,1.0,1.885897830016325,2.298424181968342,1.6126583415438236,0.6452640031643293
CCRs-side-medium,H8_seed13,32,32,32,1.0,1.8197220115730266,2.1528185965037996,1.5785343307950161,0.7295950685806654
CCRs-side-medium,H8_seed23,32,32,32,1.0,1.802200931943367,2.1039041921976667,1.4970255939553472,0.8140466285117052
CCRs-side-medium,public_Garl_event_lhr,32,32,32,1.0,1.4416061283224302,2.22534455650491,0.767028014678405,-0.6576022359363654
CPLA-high,H8_seed7,32,30,30,1.0,1.5121416477550715,1.7308808262700401,1.1160716745329835,1.5121416477550715
CPLA-high,H8_seed13,32,30,30,1.0,1.4818345415780594,1.726344104453903,1.1075879480834843,1.4818345415780594
CPLA-high,H8_seed23,32,30,30,1.0,1.4483060308485876,1.6989508777605804,1.0807699110504032,1.4483060308485876
CPLA-high,public_Garl_event_lhr,32,30,30,1.0,3.3577758820185353,4.925083596179287,2.1786957791593258,1.344448728182877
CPLA-low,H8_seed7,32,31,31,1.0,1.514548837672715,2.0696560214003856,1.1011019359952505,1.4144753416696059
CPLA-low,H8_seed13,32,31,31,1.0,1.616495064684857,2.3748811750096355,1.055339516294628,1.5542808085676318
CPLA-low,H8_seed23,32,31,31,1.0,1.7762680875826389,2.9457221468423334,1.1817428414968276,1.6965453246905113
CPLA-low,public_Garl_event_lhr,32,31,31,1.0,1.586200125849334,2.0005403334477676,1.4014083021582024,1.5485930218808268
CPLA-medium,H8_seed7,32,30,30,1.0,1.5187681253134853,1.9613481288070576,1.1485799326554496,1.5187681253134853
CPLA-medium,H8_seed13,32,30,30,1.0,1.516727504668598,1.9967672468357283,1.0712293041483756,1.516727504668598
CPLA-medium,H8_seed23,32,30,30,1.0,1.5514962608992702,2.0255126891927904,1.0914297411945864,1.5514962608992702
CPLA-medium,public_Garl_event_lhr,32,30,30,1.0,2.250837329539186,2.8005013176977354,1.8014645928847408,1.6134452358265365
CPNA-high,H8_seed7,32,30,30,1.0,1.5594769234294306,1.6946681224181135,1.4137093757549197,1.5594769234294306
CPNA-high,H8_seed13,32,30,30,1.0,1.4361585835186774,1.567429235235995,1.3320978530843997,1.432390462839068
CPNA-high,H8_seed23,32,30,30,1.0,1.5161431347166112,1.6695966430878388,1.406896493574195,1.5161431347166112
CPNA-high,public_Garl_event_lhr,32,30,30,1.0,9.122355294917636,25.69202889046975,2.0672196618196175,7.614517700159013
CPNA-low,H8_seed7,32,24,24,1.0,1.4592125187090659,1.7375906461927355,1.161546080782227,1.1063946023042985
CPNA-low,H8_seed13,32,24,24,1.0,1.4494853470039468,1.717987820814438,1.149167388155274,1.0677031412180253
CPNA-low,H8_seed23,32,24,24,1.0,1.4338475099728558,1.701765856749175,1.0575751955054327,1.0903794899042436
CPNA-low,public_Garl_event_lhr,32,24,24,1.0,8.409330698894586,17.117073170915,2.193698814934704,-3.9400583868765846
CPNA-medium,H8_seed7,32,26,26,1.0,1.522155322369485,1.7454776335773947,1.3423074924918814,1.4958995074061145
CPNA-medium,H8_seed13,32,26,26,1.0,1.4301726184269659,1.6341355038041747,1.2140572939173344,1.3981747854241855
CPNA-medium,H8_seed23,32,26,26,1.0,1.496742318117858,1.715497681443364,1.4107131850546515,1.4669723783575468
CPNA-medium,public_Garl_event_lhr,32,26,26,1.0,2.658056647207464,3.1886423494297604,2.669667675430554,2.105906614663957
CPNAO-high,H8_seed7,32,28,28,1.0,3.267341393598302,7.744734190755963,1.607576371304663,0.5209170059733296
CPNAO-high,H8_seed13,32,28,28,1.0,4.314639305582882,12.230563549531285,1.6122965129861941,-0.14438143039588505
CPNAO-high,H8_seed23,32,28,28,1.0,3.7712982820015135,7.455194443289557,1.7695494900867064,2.2267893628649618
CPNAO-high,public_Garl_event_lhr,32,28,28,1.0,9.666622204699953,21.825186111935466,4.204894364141699,1.4720913673385123
CPNAO-low,H8_seed7,32,31,31,1.0,1.784825122191831,2.0024318239947485,1.6301815161010722,1.3983775218893846
CPNAO-low,H8_seed13,32,31,31,1.0,1.992423785337327,2.315841008141787,1.963120079324585,1.603823788248283
CPNAO-low,H8_seed23,32,31,31,1.0,1.9489983484227802,2.2094654076544376,1.948004102990967,1.5572564020517774
CPNAO-low,public_Garl_event_lhr,32,31,31,1.0,3.6701564851615367,8.238915263972808,2.0002789674096646,0.9352107274201051
CPNAO-medium,H8_seed7,32,31,31,1.0,1.7114808498065732,2.115377836659542,1.2089335651437743,1.7114808498065732
CPNAO-medium,H8_seed13,32,31,31,1.0,1.668573488745231,2.2247805973205144,1.1068251419351325,1.668573488745231
CPNAO-medium,H8_seed23,32,31,31,1.0,1.8361861336791165,2.540591800956001,1.3430871646053952,1.8361861336791165
CPNAO-medium,public_Garl_event_lhr,32,31,31,1.0,1.4314800599809085,1.8900420664627,1.1326188281058593,0.9632503655824384
