block,model,measurements,p50_ms,p95_ms,scope,batch,canonical_emission
1,H1_SEED7,500,6.8351000000000006,9.278575,prepared_input_head_only,1,True
1,H8_SEED7,500,13.5114,19.472579999999997,prepared_input_head_only,1,True
1,H16_SEED7,500,20.824850000000001,28.245234999999994,prepared_input_head_only,1,True
1,FULL_C0,500,14.6043,19.711579999999994,prepared_input_head_only,1,True
1,A5_ONLY_C0,500,13.87635,21.420544999999997,prepared_input_head_only,1,True
1,C2F_ONLY_C0,500,14.14875,19.190104999999996,prepared_input_head_only,1,True
1,A5_PAIR_C0,500,14.50085,19.825955,prepared_input_head_only,1,True
1,SET_AGE_C0,500,7.1499500000000005,9.9955449999999981,prepared_input_head_only,1,True
1,SET_NOTIME_C0,500,7.2646499999999996,9.8699449999999977,prepared_input_head_only,1,True
2,H1_SEED7,500,6.6213499999999996,9.2440949999999926,prepared_input_head_only,1,True
2,H8_SEED7,500,13.0314,19.379229999999993,prepared_input_head_only,1,True
2,H16_SEED7,500,21.229600000000001,31.787759999999984,prepared_input_head_only,1,True
2,FULL_C0,500,14.691000000000001,21.074469999999998,prepared_input_head_only,1,True
2,A5_ONLY_C0,500,13.79345,21.4468,prepared_input_head_only,1,True
2,C2F_ONLY_C0,500,14.216249999999999,20.580804999999998,prepared_input_head_only,1,True
2,A5_PAIR_C0,500,14.3627,21.172154999999982,prepared_input_head_only,1,True
2,SET_AGE_C0,500,7.2465999999999999,10.540484999999999,prepared_input_head_only,1,True
2,SET_NOTIME_C0,500,7.0497499999999995,10.083914999999999,prepared_input_head_only,1,True
3,H1_SEED7,500,6.62765,9.4425049999999988,prepared_input_head_only,1,True
3,H8_SEED7,500,13.152150000000001,21.568569999999998,prepared_input_head_only,1,True
3,H16_SEED7,500,20.341650000000001,31.450439999999993,prepared_input_head_only,1,True
3,FULL_C0,500,14.195349999999999,21.102734999999996,prepared_input_head_only,1,True
3,A5_ONLY_C0,500,13.418049999999999,21.054684999999974,prepared_input_head_only,1,True
3,C2F_ONLY_C0,500,13.4877,19.281624999999995,prepared_input_head_only,1,True
3,A5_PAIR_C0,500,13.475950000000001,19.764669999999999,prepared_input_head_only,1,True
3,SET_AGE_C0,500,6.7416999999999998,9.7581499999999988,prepared_input_head_only,1,True
3,SET_NOTIME_C0,500,6.8079499999999999,9.9142899999999976,prepared_input_head_only,1,True
