sample_token,sequence_id,track_id,public_track_id,timestamp_us,bucket,target_ttc_s,causal_prediction_ttc_s,release_prediction_ttc_s,causal_mid_per_sample,release_mid_per_sample,causal_minus_release_mid,matched_prediction_ttc_s,matched_mid_per_sample,causal_minus_matched_mid
qoohcdtLDH_000866_5415000000,qoohcdtLDH,qoohcdtLDH_000866,qoohcdtLDH_000866,5415000000,crucial,0.8296324207320117,-2.927459955215454,2.11402043942263,1620.3069380604043,799.8324893828816,820.4744486775227,1.465474009513855,577.6474398025128,1042.6594982578913
pBqGOb2vYq_004297_1634600000,pBqGOb2vYq,pBqGOb2vYq_004297,pBqGOb2vYq_004297,1634600000,crucial,0.7112548444609977,-10.604375839233398,1.9437381818902284,1609.0271420417425,986.9894474682292,622.0376945735134,1.315022587776184,724.2565523775445,884.770589664198
qoohcdtLDH_000866_5415100000,qoohcdtLDH,qoohcdtLDH_000866,qoohcdtLDH_000866,5415100000,crucial,0.72819972874821,-12.110630989074709,1.9072817631806414,1559.4051177367335,938.6206833283317,620.7844344084018,2.7207958698272705,1102.7080997707371,456.69701796599634
pBqGOb2vYq_003520_1600800000,pBqGOb2vYq,pBqGOb2vYq_003520,pBqGOb2vYq_003520,1600800000,crucial,0.7728885707733445,-8.880552291870117,2.57761688197893,1497.5277428281217,989.870221078305,507.65752174981674,1.1812279224395752,500.9799237452711,996.5478190828507
pBqGOb2vYq_004297_1634500000,pBqGOb2vYq,pBqGOb2vYq_004297,pBqGOb2vYq_004297,1634500000,crucial,0.8038589376806664,-16.688365936279297,2.3650900707197384,1388.201562697133,896.4425804859235,491.7589822112096,1.258928894996643,500.80775740761294,887.3938052895202
pBqGOb2vYq_003520_1600600000,pBqGOb2vYq,pBqGOb2vYq_003520,pBqGOb2vYq_003520,1600600000,crucial,0.9792892718318703,-4.002379894256592,3.495531462786745,1323.9124978997322,786.8800391002999,537.0324587994323,1.195192575454712,203.3603261875995,1120.5521717121328
DGqicHUGWb_000201_3192100000,DGqicHUGWb,DGqicHUGWb_000201,DGqicHUGWb_000201,3192100000,crucial,0.8296253539987002,-36.90601348876953,2.1296013590717027,1311.4895067802972,803.4762154836279,508.0132912966693,4.083259582519531,1036.479174140678,275.01033263961926
qoohcdtLDH_000866_5414900000,qoohcdtLDH,qoohcdtLDH_000866,qoohcdtLDH_000866,5414900000,crucial,0.9231582936908141,-6.095693111419678,2.5489930224498867,1309.2411603907624,746.3074012719592,562.9337591188032,1.6547211408615112,523.1589855579157,786.0821748328467
DGqicHUGWb_000000_3095700000,DGqicHUGWb,DGqicHUGWb_000000,DGqicHUGWb_000000,3095700000,crucial,0.6958634517495518,4.157135009765625,4.070836081603744,1307.9284252041853,1302.7018667143834,5.226558489801846,2.6634984016418457,1168.7435951565299,139.1848300476554
qoohcdtLDH_000866_5414800000,qoohcdtLDH,qoohcdtLDH_000866,qoohcdtLDH_000866,5414800000,crucial,1.0199164873693063,-3.847801685333252,4.663443917750108,1288.5003070524506,815.1650673970321,473.3352396554185,1.416443109512329,299.7774529354845,988.7228541169661
pBqGOb2vYq_003520_1600700000,pBqGOb2vYq,pBqGOb2vYq_003520,pBqGOb2vYq_003520,1600700000,crucial,0.8779080204199108,-12.93491554260254,4.736814179811908,1286.348181366042,995.9627176687258,290.38546369731614,1.0898641347885132,246.92911949987962,1039.4190618661623
DGqicHUGWb_000398_3210500000,DGqicHUGWb,DGqicHUGWb_000398,DGqicHUGWb_000398,3210500000,crucial,0.7447638008785791,4.676558971405029,1.8517854354037102,1225.6789525773768,886.6831550828688,338.995797494508,3.6310784816741943,1162.5670940100717,63.111858567305035
qoohcdtLDH_001135_5448000000,qoohcdtLDH,qoohcdtLDH_001135,qoohcdtLDH_001135,5448000000,crucial,0.832258929372203,10.128595352172852,2.559990695981072,1180.8732657379246,881.6336924067193,299.2395733312053,2.830331802368164,920.3861723251086,260.48709341281597
DGqicHUGWb_000201_3192000000,DGqicHUGWb,DGqicHUGWb_000201,DGqicHUGWb_000201,3192000000,crucial,0.9239850231155664,59.999996185302734,1.9664530219899732,1128.7545164043022,623.5193540857215,505.2351623185807,4.067933559417725,896.5380847160252,232.216431688277
DGqicHUGWb_000664_3262600000,DGqicHUGWb,DGqicHUGWb_000664,DGqicHUGWb_000664,3262600000,crucial,0.8442522223030746,6.773825168609619,1.3663154058943505,1111.985448996643,500.6510222926644,611.3344267039787,3.8038830757141113,994.3064792553212,117.67896974132191
qoohcdtLDH_001135_5447900000,qoohcdtLDH,qoohcdtLDH_001135,qoohcdtLDH_001135,5447900000,crucial,0.911893363728898,14.203374862670898,1.437264783447263,1090.885693735926,440.38521506141336,650.5004786745126,1.5366185903549194,488.61920771018805,602.266486025738
qoohcdtLDH_001135_5447800000,qoohcdtLDH,qoohcdtLDH_001135,qoohcdtLDH_001135,5447800000,crucial,1.0078739071429221,-31.910112380981445,1.4155262761313803,1076.2175120316026,312.2825552437028,763.9349567878999,1.435219645500183,322.7075473221036,753.509964709499
DGqicHUGWb_000135_3176700000,DGqicHUGWb,DGqicHUGWb_000135,DGqicHUGWb_000135,3176700000,crucial,1.1286027040693727,-6.87397050857544,1.6898880584017169,1072.2187060605156,317.8036038538877,754.4151022066279,1.4697105884552002,223.13004677057546,849.0886592899401
DGqicHUGWb_000024_3150500000,DGqicHUGWb,DGqicHUGWb_000024,DGqicHUGWb_000024,3150500000,crucial,1.252215048314611,-4.1785383224487305,2.983297693695398,1068.7773908100744,491.33177352512746,577.4456172849469,2.9048941135406494,481.9665218827828,586.8108689272916
DGqicHUGWb_000000_3095600000,DGqicHUGWb,DGqicHUGWb_000000,DGqicHUGWb_000000,3095600000,crucial,0.7935949126715469,3.178605794906616,2.4157471058711266,1027.1921387012794,924.088142593735,103.10399610754439,2.722477912902832,972.6223084561759,54.5698302451035
DGqicHUGWb_000398_3210400000,DGqicHUGWb,DGqicHUGWb_000398,DGqicHUGWb_000398,3210400000,crucial,0.8482947472511888,4.107208251953125,2.1266603256702004,1007.8246928506337,772.676587198591,235.14810565204266,2.3877365589141846,826.4826304184106,181.3420624322231
DGqicHUGWb_000201_3191900000,DGqicHUGWb,DGqicHUGWb_000201,DGqicHUGWb_000201,3191900000,crucial,1.019157740803702,30.655792236328125,2.462827034701001,1000.0671097290307,618.2297623830711,381.83734734595953,3.5743508338928223,748.9814570480889,251.08565268094173
DGqicHUGWb_000201_3191600000,DGqicHUGWb,DGqicHUGWb_000201,DGqicHUGWb_000201,3191600000,crucial,1.3083444618452544,-5.037344932556152,4.106355143326676,991.6861074286903,548.5743656283192,443.1117418003711,3.6723766326904297,519.0342042477656,472.6519031809247
DGqicHUGWb_000769_3305800000,DGqicHUGWb,DGqicHUGWb_000769,DGqicHUGWb_000769,3305800000,crucial,2.329431588242186,-1.8796240091323853,7.564657907961813,957.1279505449867,305.7010241386625,651.4269264063241,3.778507709503174,170.5563483429735,786.5716022020132
DGqicHUGWb_000664_3262300000,DGqicHUGWb,DGqicHUGWb_000664,DGqicHUGWb_000664,3262300000,crucial,1.1478140550218117,-21.966205596923828,1.6780249317316283,956.9528661370808,297.0972599468688,659.855606190212,2.124887228012085,429.484473983644,527.4683921534368
pBqGOb2vYq_001196_1562300000,pBqGOb2vYq,pBqGOb2vYq_001196,pBqGOb2vYq_001196,1562300000,crucial,1.0038000333374224,9.704347610473633,3.4984436033002897,945.8185625661426,759.3935482770828,186.42501428905985,3.087679624557495,720.1713913794653,225.64717118667738
DGqicHUGWb_000201_3191700000,DGqicHUGWb,DGqicHUGWb_000201,DGqicHUGWb_000201,3191700000,crucial,1.2229000311766003,-11.361754417419434,4.45432779578364,940.7341091937119,626.0454450145803,314.6886641791316,3.3986949920654297,554.458615762991,386.27549343072087
pBqGOb2vYq_003581_1624700000,pBqGOb2vYq,pBqGOb2vYq_003581,pBqGOb2vYq_003581,1624700000,crucial,2.513624901334975,-1.8674641847610476,3.0077779833406013,927.6020726093873,67.83784476021813,859.7642278491692,1.562961220741272,255.2345611928749,672.3675114165123
pBqGOb2vYq_007997_1761800000,pBqGOb2vYq,pBqGOb2vYq_007997,pBqGOb2vYq_007997,1761800000,crucial,1.2345576053571348,-23.656396865844727,1.9926668768167222,886.8816866895213,329.8289144571303,557.052772232391,2.208498954772949,381.33111388544745,505.55057280407385
DGqicHUGWb_000398_3210000000,DGqicHUGWb,DGqicHUGWb_000398,DGqicHUGWb_000398,3210000000,crucial,1.25281462010068,-20.667030334472656,1.5171121433059378,880.1322426480021,149.98745158849664,730.1447910595055,4.058339595794678,582.369881867958,297.7623607800441
DGqicHUGWb_000000_3095500000,DGqicHUGWb,DGqicHUGWb_000000,DGqicHUGWb_000000,3095500000,crucial,0.9014822779060028,3.333437919616699,1.3464915661838808,871.1928622516729,404.080115735216,467.11274651645687,2.6215834617614746,786.8607545337575,84.33210771791539
DGqicHUGWb_000664_3262200000,DGqicHUGWb,DGqicHUGWb_000664,DGqicHUGWb_000664,3262200000,crucial,1.2496613071972527,-36.92912292480469,2.6511724001825487,861.0940703982862,449.56237804711907,411.5316923511672,2.2394285202026367,377.2321516963278,483.8619187019585
DGqicHUGWb_000664_3262100000,DGqicHUGWb,DGqicHUGWb_000664,DGqicHUGWb_000664,3262100000,crucial,1.348022627317347,-18.26518440246582,2.0483466887981785,825.3836159792445,270.2658410392937,555.1177749399508,2.572880983352661,374.3598225810952,451.0237933981493
pBqGOb2vYq_001196_1562200000,pBqGOb2vYq,pBqGOb2vYq_001196,pBqGOb2vYq_001196,1562200000,crucial,1.1036563683266576,7.723201274871826,3.5207828666040584,819.4638406124906,661.6500184402136,157.813822172277,1.8631187677383423,398.113663681411,421.35017693107955
DGqicHUGWb_000135_3176600000,DGqicHUGWb,DGqicHUGWb_000135,DGqicHUGWb_000135,3176600000,crucial,1.2160256557438363,21.00425720214844,1.4827098736927886,810.4172010345055,159.8787006274982,650.5385004070073,1.6501314640045166,232.98812010769805,577.4290809268075
DGqicHUGWb_000664_3262500000,DGqicHUGWb,DGqicHUGWb_000664,DGqicHUGWb_000664,3262500000,crucial,0.9437194184439203,3.125873327255249,2.198721386907111,794.9494319156667,654.6119129723103,140.33751894335637,2.831024169921875,760.470479945653,34.47895197001367
pBqGOb2vYq_001345_1557800000,pBqGOb2vYq,pBqGOb2vYq_001345,pBqGOb2vYq_001345,1557800000,crucial,1.445658452889602,-13.426167488098145,2.355345163087398,791.0198661164882,282.9718931991782,508.04797291730995,1.0327318906784058,301.63648937114095,489.3833767453472
DGqicHUGWb_000024_3150400000,DGqicHUGWb,DGqicHUGWb_000024,DGqicHUGWb_000024,3150400000,crucial,1.373834807998557,-29.56015396118164,2.0622132859318034,789.5129787494923,258.67321784394994,530.8397609055423,2.699645519256592,378.28696563642154,411.22601311307074
DGqicHUGWb_000135_3176400000,DGqicHUGWb,DGqicHUGWb_000135,DGqicHUGWb_000135,3176400000,crucial,1.4105513669956187,-18.420127868652344,1.9272650815217383,789.4688978462001,202.51145155704197,586.9574462891582,1.3901232481002808,11.21927060659833,778.2496272396018
DGqicHUGWb_000681_3270000000,DGqicHUGWb,DGqicHUGWb_000681,DGqicHUGWb_000681,3270000000,crucial,1.2615715550000772,20.26031494140625,1.474224895563066,776.3635412290272,123.41835351024427,652.9451877187829,3.0995447635650635,497.89614064065455,278.46740058837264
DGqicHUGWb_000664_3262000000,DGqicHUGWb,DGqicHUGWb_000664,DGqicHUGWb_000664,3262000000,crucial,1.4479277581292607,-17.51703643798828,2.0032378192745233,772.5747793033759,203.5675280970882,569.0072512062877,2.4250383377075195,294.54177373983606,478.0330055635398
qoohcdtLDH_001135_5447600000,qoohcdtLDH,qoohcdtLDH_001135,qoohcdtLDH_001135,5447600000,crucial,1.2308826692958013,12.575450897216797,1.447194321491463,767.492913263251,131.3049640755043,636.1879491877467,1.4169420003890991,115.44432260184797,652.0485906614031
pBqGOb2vYq_002849_1578400000,pBqGOb2vYq,pBqGOb2vYq_002849,pBqGOb2vYq_002849,1578400000,crucial,1.7333814739242646,-5.781064510345459,4.726839847473792,765.7166773858177,380.3894596284143,385.3272177574034,1.9074686765670776,55.72002461828297,709.9966527675347
DGqicHUGWb_000664_3262400000,DGqicHUGWb,DGqicHUGWb_000664,DGqicHUGWb_000664,3262400000,crucial,1.0426018365261671,4.07039213180542,1.558667189252159,759.561928508224,345.2271546443238,414.33477386390024,2.3632378578186035,575.9448700327634,183.61705847546057
DGqicHUGWb_000135_3175800000,DGqicHUGWb,DGqicHUGWb_000135,DGqicHUGWb_000135,3175800000,crucial,1.9398790604495582,-4.296812534332275,2.430787184865098,759.3216736360937,109.16698532217536,650.1546883139183,1.7885395288467407,46.09620236593781,713.2254712701558
qoohcdtLDH_000014_5411900000,qoohcdtLDH,qoohcdtLDH_000014,qoohcdtLDH_000014,5411900000,crucial,1.4992312673742332,-14.938602447509766,2.68367991512283,757.0125808849554,310.5524829707465,446.46009791420886,3.357571840286255,387.93534682572255,369.0772340592328
qoohcdtLDH_001784_5566600000,qoohcdtLDH,qoohcdtLDH_001784,qoohcdtLDH_001784,5566600000,crucial,1.3302886364393567,40.50310516357422,2.579880623346076,756.7513355956344,386.144283691895,370.6070519037394,2.1452319622039795,304.10657532522964,452.64476027040473
DGqicHUGWb_000000_3095300000,DGqicHUGWb,DGqicHUGWb_000000,DGqicHUGWb_000000,3095300000,crucial,1.1110957211291927,5.406655788421631,1.3629355695405423,756.4314318287517,181.09997078319785,575.3314610455539,2.4711806774139404,530.0401311011469,226.39130072760474
pBqGOb2vYq_002823_1589900000,pBqGOb2vYq,pBqGOb2vYq_002823,pBqGOb2vYq_002823,1589900000,crucial,1.1325074923290013,5.8276448249816895,3.4649500693539403,751.3536908982093,631.5879399331138,119.76575096509544,1.0858203172683716,41.73037327762391,709.6233176205853
DGqicHUGWb_000681_3269900000,DGqicHUGWb,DGqicHUGWb_000681,DGqicHUGWb_000681,3269900000,crucial,1.3574232864015567,59.999996185302734,1.5317551154190787,748.5558680300373,90.10476929647237,658.451098733565,2.985020160675049,424.4903123100909,324.0655557199464
DGqicHUGWb_000398_3210300000,DGqicHUGWb,DGqicHUGWb_000398,DGqicHUGWb_000398,3210300000,crucial,0.9440872486380825,2.689999580383301,2.1111327693266095,740.7939793752499,634.361910863499,106.43206851175091,3.551297426223755,833.999388887543,-93.20540951229304
pBqGOb2vYq_003960_1654100000,pBqGOb2vYq,pBqGOb2vYq_003960,pBqGOb2vYq_003960,1654100000,small,5.747238256887528,-1.725739598274231,3.8539113637657323,738.8226776227042,87.3742976931573,651.448379929547,2.268270254135132,275.349919504752,463.4727581179522
qoohcdtLDH_001426_5575800000,qoohcdtLDH,qoohcdtLDH_001426,qoohcdtLDH_001426,5575800000,crucial,1.8456726722715329,-5.535934925079346,2.1587668467467083,736.0642043667848,82.73867235495807,653.3255320118267,3.1788878440856934,237.40877283641473,498.65543153037004
qoohcdtLDH_000866_5414500000,qoohcdtLDH,qoohcdtLDH_000866,qoohcdtLDH_000866,5414500000,crucial,1.3104851197453675,17.129791259765625,4.029296340063387,735.2129519241626,542.4479065898059,192.7650453343566,4.079804420471191,545.5981080446796,189.61484387948292
pBqGOb2vYq_002438_1579600000,pBqGOb2vYq,pBqGOb2vYq_002438,pBqGOb2vYq_002438,1579600000,crucial,1.5985529234422433,-11.641704559326172,4.137952993119405,731.5199731738171,401.355316381091,330.16465679272613,2.5261223316192627,242.07655139953334,489.44342177428376
pBqGOb2vYq_002438_1579500000,pBqGOb2vYq,pBqGOb2vYq_002438,pBqGOb2vYq_002438,1579500000,crucial,1.6777879157590996,-8.581624984741211,2.766401881064551,730.3782988618855,246.34833806206132,484.02996079982415,1.5035489797592163,73.71889327481507,656.6594055870704
qoohcdtLDH_001707_5596600000,qoohcdtLDH,qoohcdtLDH_001707,qoohcdtLDH_001707,5596600000,crucial,1.3230132087462259,16.562807083129883,1.475792836690272,725.3828803406616,84.2902375230846,641.092642817577,5.387552738189697,598.5848616362301,126.79801870443146
DGqicHUGWb_000000_3095400000,DGqicHUGWb,DGqicHUGWb_000000,DGqicHUGWb_000000,3095400000,crucial,1.0044472494580472,3.1374659538269043,1.3304902907308536,724.768325842711,267.33871986786215,457.4296059748488,2.6479694843292236,663.7233297797815,61.0449960629295
pBqGOb2vYq_000815_1569500000,pBqGOb2vYq,pBqGOb2vYq_000815,pBqGOb2vYq_000815,1569500000,crucial,1.483042329271692,-37.94557571411133,2.5021057955742876,724.4183358062176,290.23018607563824,434.1881497305793,1.8962963819503784,156.3421509991514,568.0761848070662
pBqGOb2vYq_002464_1625100000,pBqGOb2vYq,pBqGOb2vYq_002464,pBqGOb2vYq_002464,1625100000,crucial,0.9987650955153222,3.0540475845336914,2.6830631320193694,722.0641111810108,675.1475997711389,46.91651140987199,1.0677508115768433,71.62864634843613,650.4354648325747
DGqicHUGWb_000201_3191300000,DGqicHUGWb,DGqicHUGWb_000201,DGqicHUGWb_000201,3191300000,crucial,1.6028578610218893,-13.754361152648926,4.858836369210683,716.6378214555377,436.2386203893893,280.3992010661484,4.162740230560303,401.0377586675892,315.60006278794856
pBqGOb2vYq_001870_1569400000,pBqGOb2vYq,pBqGOb2vYq_001870,pBqGOb2vYq_001870,1569400000,crucial,1.3991725490354634,39.84232711791992,5.191443829491157,716.4041579722209,547.0306177475695,169.37354022465138,4.667559623718262,524.9615692345981,191.44258873762283
qoohcdtLDH_001426_5576200000,qoohcdtLDH,qoohcdtLDH_001426,qoohcdtLDH_001426,5576200000,crucial,1.3696460333288722,19.502010345458984,1.9484197955672486,706.733207758976,231.26615633228542,475.46705142669066,4.933503150939941,553.3636973666792,153.3695103922969
pBqGOb2vYq_003137_1620600000,pBqGOb2vYq,pBqGOb2vYq_003137,pBqGOb2vYq_003137,1620600000,crucial,2.8721487884530417,-2.817462682723999,3.5422521114570458,703.1527326424685,68.00927229859678,635.1434603438718,1.8132179975509644,212.91992923347047,490.23280340899805
DGqicHUGWb_000681_3268100000,DGqicHUGWb,DGqicHUGWb_000681,DGqicHUGWb_000681,3268100000,small,3.079738872500835,-2.633273124694824,4.249675877858531,702.8137304071685,91.96655212326408,610.8471782839044,4.214152812957764,89.93499009330476,612.8787403138637
qoohcdtLDH_001426_5575900000,qoohcdtLDH,qoohcdtLDH_001426,qoohcdtLDH_001426,5575900000,crucial,1.749593994857895,-8.997729301452637,2.05760961317267,699.0717357699822,90.33780914102188,608.7339266289603,3.593336582183838,306.30703462560723,392.76470114437495
DGqicHUGWb_000000_3095200000,DGqicHUGWb,DGqicHUGWb_000000,DGqicHUGWb_000000,3095200000,crucial,1.2174374200100397,6.213138103485107,1.4687049504866467,694.8427188244366,151.94103028337625,542.9016885410604,2.714698553085327,481.7802605946806,213.06245822975598
qoohcdtLDH_000866_5414600000,qoohcdtLDH,qoohcdtLDH_000866,qoohcdtLDH_000866,5414600000,crucial,1.2214220839402756,6.100512504577637,3.9750793056377676,688.903230003658,599.3965434026993,89.50668660095869,2.8080339431762695,491.5654004747531,197.33782952890488
pBqGOb2vYq_002823_1589700000,pBqGOb2vYq,pBqGOb2vYq_002823,pBqGOb2vYq_002823,1589700000,crucial,1.338616700930527,11.384613990783691,2.9427518402911055,688.1898517567919,430.68972086597245,257.50013089081943,1.2639498710632324,47.807788084735236,640.3820636720567
DGqicHUGWb_000664_3261800000,DGqicHUGWb,DGqicHUGWb_000664,DGqicHUGWb_000664,3261800000,crucial,1.6503649150100934,-16.715579986572266,3.570148230843924,684.7071078386297,340.9628650588892,343.7442427797405,2.1692862510681152,153.11636493073607,531.5907429078936
qoohcdtLDH_000014_5411800000,qoohcdtLDH,qoohcdtLDH_000014,qoohcdtLDH_000014,5411800000,crucial,1.5770417555816039,-34.44367599487305,2.04148196076661,684.0859597240276,152.850950848143,531.2350088758847,3.806912660598755,388.90339678751764,295.18256293650995
pBqGOb2vYq_001870_1569000000,pBqGOb2vYq,pBqGOb2vYq_001870,pBqGOb2vYq_001870,1569000000,crucial,1.8286747041219622,-8.555315017700195,4.6076259303203635,678.5730699341407,342.94323018080377,335.6298397533369,1.6763889789581299,52.68836630545365,625.884703628687
pBqGOb2vYq_001293_1557600000,pBqGOb2vYq,pBqGOb2vYq_001293,pBqGOb2vYq_001293,1557600000,crucial,1.4162163128175798,17.4327449798584,2.208523655709673,674.7470885565098,268.9130620204339,405.83402653607584,2.7968225479125977,368.178334606577,306.5687539499328
pBqGOb2vYq_002464_1624800000,pBqGOb2vYq,pBqGOb2vYq_002464,pBqGOb2vYq_002464,1624800000,crucial,1.278095085642905,7.043689250946045,2.0012643717948024,671.7310665711362,302.1191224422372,369.61194412889904,1.092476487159729,145.27127661961376,526.4597899515225
pBqGOb2vYq_004231_1633700000,pBqGOb2vYq,pBqGOb2vYq_004231,pBqGOb2vYq_004231,1633700000,crucial,1.3890284503196526,12.235492706298828,1.920403234084694,665.092249418165,212.38602815798419,452.7062212601808,1.279247522354126,66.79738941412828,598.2948600040368
pBqGOb2vYq_004231_1633800000,pBqGOb2vYq,pBqGOb2vYq_004231,pBqGOb2vYq_004231,1633800000,crucial,1.2922279126230494,7.147101879119873,1.9505079214950134,664.5354891695822,279.1438287790927,385.3916603904895,1.23424232006073,39.48366655036478,625.0518226192174
pBqGOb2vYq_003541_1606000000,pBqGOb2vYq,pBqGOb2vYq_003541,pBqGOb2vYq_003541,1606000000,crucial,2.8098138212283117,-3.3602190017700195,4.523962954387585,655.6402490870989,138.85814349915537,516.7821055879435,1.3470698595046997,408.96778448256026,246.67246460453867
DGqicHUGWb_000664_3261300000,DGqicHUGWb,DGqicHUGWb_000664,DGqicHUGWb_000664,3261300000,crucial,2.1476948231778294,-5.636717796325684,4.53250708258632,652.6569692159937,253.70538301770264,398.9515861982911,2.7242019176483154,102.81715211661047,549.8398170993833
qoohcdtLDH_001784_5566500000,qoohcdtLDH,qoohcdtLDH_001784,qoohcdtLDH_001784,5566500000,crucial,1.4197945244128476,12.7490873336792,2.2936229648014876,651.6147653275725,284.5794954564816,367.0352698710909,1.3201643228530884,57.34576454624538,594.2690007813271
pBqGOb2vYq_002823_1589600000,pBqGOb2vYq,pBqGOb2vYq_002823,pBqGOb2vYq_002823,1589600000,crucial,1.4373380073886357,13.96898365020752,3.2936295386214796,649.2725683484731,412.79616831167766,236.47640003679544,1.2066493034362793,143.98822832119822,505.2843400272749
qoohcdtLDH_001426_5575400000,qoohcdtLDH,qoohcdtLDH_001426,qoohcdtLDH_001426,5575400000,crucial,2.388132167154731,-4.488061428070068,2.6115523254453117,648.1243588958265,37.31916254000052,610.805196355826,3.3489596843719482,124.60795517475597,523.5164037210706
qoohcdtLDH_001426_5576000000,qoohcdtLDH,qoohcdtLDH_001426,qoohcdtLDH_001426,5576000000,crucial,1.6584353069890552,-59.999996185302734,1.9229583024187549,638.5754155682544,87.88101748866302,550.6943980795913,3.551259756088257,336.2917180863534,302.28369748190096
qoohcdtLDH_001426_5575700000,qoohcdtLDH,qoohcdtLDH_001426,qoohcdtLDH_001426,5575700000,crucial,1.9645214041550403,-8.720027923583984,2.3480335109195187,636.4685081317322,87.21919958657939,549.2493085451528,2.833955764770508,163.2028113308801,473.2656968008521
DGqicHUGWb_000681_3269200000,DGqicHUGWb,DGqicHUGWb_000681,DGqicHUGWb_000681,3269200000,crucial,2.0483144693195103,-7.366185188293457,1.9414599455033001,635.3684652028951,28.289128488474258,607.0793367144208,2.4782111644744873,88.64219033988812,546.726274863007
DGqicHUGWb_000024_3150000000,DGqicHUGWb,DGqicHUGWb_000024,DGqicHUGWb_000024,3150000000,crucial,1.8659255428807984,-11.98851490020752,2.2601751009336906,633.8898000150404,98.29254877499784,535.5972512400425,2.1799521446228027,81.24221295616303,552.6475870588773
DGqicHUGWb_000063_3126900000,DGqicHUGWb,DGqicHUGWb_000063,DGqicHUGWb_000063,3126900000,crucial,1.3912607288640633,8.695356369018555,3.8438846484725335,630.2425279720328,482.31550917155334,147.92701880047946,3.5149810314178467,457.29094672138814,172.95158125064467
qoohcdtLDH_002316_5598700000,qoohcdtLDH,qoohcdtLDH_002316,qoohcdtLDH_002316,5598700000,crucial,2.3986381083677597,-4.842597007751465,2.7411644990978807,630.2405514055922,54.21388943740522,576.026661968187,4.728707313537598,212.1006193991013,418.1399320064909
pBqGOb2vYq_002823_1589200000,pBqGOb2vYq,pBqGOb2vYq_002823,pBqGOb2vYq_002823,1589200000,crucial,1.8431385850126853,-13.92835807800293,3.413310486933049,629.3654489634936,260.4779739559351,368.88747500755846,1.1630741357803345,341.19179491220325,288.1736540512903
DGqicHUGWb_000398_3209800000,DGqicHUGWb,DGqicHUGWb_000398,DGqicHUGWb_000398,3209800000,crucial,1.4595204181435804,12.316314697265623,1.7298824033546585,628.2344421118461,114.3033297005315,513.9311124113145,2.4952430725097656,300.74466251544675,327.48977959639933
DGqicHUGWb_000135_3176200000,DGqicHUGWb,DGqicHUGWb_000135,DGqicHUGWb_000135,3176200000,crucial,1.6014254246335633,59.999996185302734,1.9960827770710652,628.1112586348894,130.82596235051489,497.2852962843745,1.7112711668014526,42.66128388832724,585.4499747465621
DGqicHUGWb_000769_3304400000,DGqicHUGWb,DGqicHUGWb_000769,DGqicHUGWb_000769,3304400000,small,3.846327896765902,1.1781699657440186,3.5402791795520905,623.5446300591527,23.101959723843926,600.4426703353088,4.226882457733154,24.00322777628486,599.5414022828679
qoohcdtLDH_001135_5447500000,qoohcdtLDH,qoohcdtLDH_001135,qoohcdtLDH_001135,5447500000,crucial,1.3352847071806793,6.290684223175049,1.5429305170281755,618.1883041314139,108.35642886527303,509.8318752661409,1.3933557271957397,33.68207048662531,584.5062336447886
pBqGOb2vYq_000006_1654100000,pBqGOb2vYq,pBqGOb2vYq_000006,pBqGOb2vYq_000006,1654100000,crucial,2.9399765763252907,-3.708496570587158,3.158518160511642,612.1376263354507,24.33366050721905,587.8039658282316,3.4347798824310303,50.59641821079215,561.5412081246585
pBqGOb2vYq_001293_1557500000,pBqGOb2vYq,pBqGOb2vYq_001293,pBqGOb2vYq_001293,1557500000,crucial,1.5006625273959542,12.900043487548828,1.8835715492427987,611.7922288387615,144.0944450753171,467.69778376344436,2.4506561756134033,273.0003435633041,338.7918852754574
DGqicHUGWb_000024_3150200000,DGqicHUGWb,DGqicHUGWb_000024,DGqicHUGWb_000024,3150200000,crucial,1.6307958047335283,44.89179992675781,2.2504431264875104,610.5032238734243,178.2716975978804,432.2315262755439,2.667924642562866,250.7754330746534,359.7277907987709
DGqicHUGWb_000000_3095100000,DGqicHUGWb,DGqicHUGWb_000000,DGqicHUGWb_000000,3095100000,crucial,1.3341357509228862,5.8874335289001465,1.3483148510545768,607.8154133113892,8.517447217446378,599.2979660939428,2.461467742919922,364.3831154442606,243.43229786712857
DGqicHUGWb_000201_3191100000,DGqicHUGWb,DGqicHUGWb_000201,DGqicHUGWb_000201,3191100000,crucial,1.7908225563047198,-30.27446556091309,6.650511812518975,607.575830701134,423.09282646842735,184.48300423270666,3.8886196613311768,314.07408219883195,293.50174850230206
DGqicHUGWb_000664_3261400000,DGqicHUGWb,DGqicHUGWb_000664,DGqicHUGWb_000664,3261400000,crucial,2.0343028700191224,-9.960920333862305,4.936965782238573,603.9537715394646,299.4289378755763,304.5248336638883,2.5050790309906006,96.68683313042992,507.26693840903465
DGqicHUGWb_000664_3261900000,DGqicHUGWb,DGqicHUGWb_000664,DGqicHUGWb_000664,3261900000,crucial,1.543629509918149,14.671302795410156,2.506031506293673,601.3667013701627,262.54316234288575,338.8235390272769,2.3991341590881348,244.0072689454526,357.35943242471006
DGqicHUGWb_000664_3261500000,DGqicHUGWb,DGqicHUGWb_000664,DGqicHUGWb_000664,3261500000,crucial,1.9395005934029013,-14.086773872375488,3.289271964118018,600.1017490347782,220.6280925031768,379.4736565316014,2.6356725692749023,142.56916949230862,457.5325795424696
qoohcdtLDH_003319_5597700000,qoohcdtLDH,qoohcdtLDH_003319,qoohcdtLDH_003319,5597700000,crucial,1.5783228890072507,18.24668502807617,1.9063969796673383,599.590382154316,115.73738404620754,483.85299810810847,1.351988434791565,113.88829688224092,485.70208527207507
pBqGOb2vYq_003541_1605700000,pBqGOb2vYq,pBqGOb2vYq_003541,pBqGOb2vYq_003541,1605700000,small,3.0370463270828876,-3.770376205444336,3.9168072819903776,596.5794177633037,76.18444507982127,520.3949726834824,1.3098920583724976,459.3257348244263,137.25368293887738
pBqGOb2vYq_001293_1557000000,pBqGOb2vYq,pBqGOb2vYq_001293,pBqGOb2vYq_001293,1557000000,crucial,1.9439591525798234,-14.80080509185791,7.368165557802675,595.4538752362886,391.46881145621455,203.98506378007403,3.2068138122558594,211.3156142358369,384.1382610004517
DGqicHUGWb_000664_3261600000,DGqicHUGWb,DGqicHUGWb_000664,DGqicHUGWb_000664,3261600000,crucial,1.842340791851435,-26.950515747070312,2.868140943547811,595.1107795713165,203.19331110297614,391.9174684683403,2.29490065574646,112.54671608471607,482.5640634866004
pBqGOb2vYq_003581_1624800000,pBqGOb2vYq,pBqGOb2vYq_003581,pBqGOb2vYq_003581,1624800000,crucial,2.488157388927992,-5.490181922912598,3.2219259064281984,590.7076934356718,94.91131209339781,495.796381342274,1.9984129667282104,103.14761989540399,487.5600735402678
DGqicHUGWb_000201_3191000000,DGqicHUGWb,DGqicHUGWb_000201,DGqicHUGWb_000201,3191000000,crucial,1.8953507971020405,-21.004831314086918,-17.187363735464835,589.5301828471793,600.04873044744,-10.518547600260717,4.637292861938477,324.0329286063051,265.49725424087416
pBqGOb2vYq_002464_1624600000,pBqGOb2vYq,pBqGOb2vYq_002464,pBqGOb2vYq_002464,1624600000,crucial,1.4578638613344874,8.286955833435059,1.33708241708059,589.1892435935638,66.74740808638808,522.4418355071757,1.227698802947998,139.0294548014273,450.1597887921365
DGqicHUGWb_000201_3191200000,DGqicHUGWb,DGqicHUGWb_000201,DGqicHUGWb_000201,3191200000,crucial,1.7017027371382554,59.999996185302734,4.83891696214357,588.9402857361549,396.7977884404627,192.14249729569224,4.140181541442871,361.12075278751325,227.81953294864167
DGqicHUGWb_000135_3175900000,DGqicHUGWb,DGqicHUGWb_000135,DGqicHUGWb_000135,3175900000,crucial,1.859426223796483,-28.087358474731445,2.0247849972018206,588.3420924128444,46.30962650387732,542.0324659089671,2.616562604904175,163.12662798245094,425.21546443039347
pBqGOb2vYq_002503_1575800000,pBqGOb2vYq,pBqGOb2vYq_002503,pBqGOb2vYq_002503,1575800000,small,3.804351641757674,-3.059215784072876,3.261403138588592,588.0255625084919,45.04220690800098,542.983355600491,2.773946523666382,100.7823170547749,487.243245453717
DGqicHUGWb_000135_3176500000,DGqicHUGWb,DGqicHUGWb_000135,DGqicHUGWb_000135,3176500000,crucial,1.3203463475814659,5.043044090270996,1.9248072409420793,587.3084489940736,254.07908701182868,333.22936198224494,1.3643617630004883,26.40090081152416,560.9075481825495
qoohcdtLDH_003726_5577600000,qoohcdtLDH,qoohcdtLDH_003726,qoohcdtLDH_003726,5577600000,crucial,1.7022873874326316,53.687950134277344,2.405981816674015,586.7629104190174,180.8911977652558,405.8717126537616,2.743450880050659,234.09285092065858,352.67005949835885
qoohcdtLDH_001426_5576100000,qoohcdtLDH,qoohcdtLDH_001426,qoohcdtLDH_001426,5576100000,crucial,1.529395598539715,11.179052352905272,2.498348331679696,586.3537568170915,267.71386257335587,318.6398942437356,3.641244649887085,397.73628540905025,188.61747140804124
DGqicHUGWb_000522_3254300000,DGqicHUGWb,DGqicHUGWb_000522,DGqicHUGWb_000522,3254300000,crucial,1.8317767476325562,-40.77760314941406,2.399501468314886,585.8781747592208,135.6984523641158,450.17972239510493,4.346598148345947,328.63215388033956,257.2460208788812
DGqicHUGWb_000769_3305200000,DGqicHUGWb,DGqicHUGWb_000769,DGqicHUGWb_000769,3305200000,crucial,2.947320877483398,-4.148970127105713,3.445777262870215,583.3456064530469,50.676039899713764,532.6695665533332,1.698614478111267,261.5753155993714,321.77029085367553
DGqicHUGWb_000769_3305300000,DGqicHUGWb,DGqicHUGWb_000769,DGqicHUGWb_000769,3305300000,crucial,2.8380914979856295,-4.418958187103272,3.8918813227918023,582.4818806398492,98.4029031164781,484.0789775233711,1.5999526977539062,286.69817727421247,295.78370336563677
DGqicHUGWb_000024_3149900000,DGqicHUGWb,DGqicHUGWb_000024,DGqicHUGWb_000024,3149900000,crucial,1.9928340640975242,-14.738835334777832,2.4097482647881465,582.4445111388214,90.98822366176054,491.45628747706087,2.51847767829895,109.66228258405646,472.78222855476497
pBqGOb2vYq_002464_1624400000,pBqGOb2vYq,pBqGOb2vYq_002464,pBqGOb2vYq_002464,1624400000,crucial,1.6279714985943317,18.97683525085449,1.706938925320034,581.1020682763348,30.231390199948123,550.8706780763866,2.032062530517578,129.30521426825283,451.79685400808194
DGqicHUGWb_000063_3126800000,DGqicHUGWb,DGqicHUGWb_000063,DGqicHUGWb_000063,3126800000,crucial,1.4668538593680784,8.018174171447754,3.7678161105687136,580.5813836892482,437.09096676497904,143.4904169242692,3.7932701110839844,438.92030916930486,141.66107451994338
DGqicHUGWb_000769_3304300000,DGqicHUGWb,DGqicHUGWb_000769,DGqicHUGWb_000769,3304300000,small,3.9533792284590827,1.2459402084350586,5.032998496220639,580.4476056162695,55.51317452030729,524.9344310959622,4.755824565887451,43.69168378068139,536.7559218355881
qoohcdtLDH_001784_5566300000,qoohcdtLDH,qoohcdtLDH_001784,qoohcdtLDH_001784,5566300000,crucial,1.6205181722764321,17.489713668823242,1.944311851147828,579.6072314564154,108.92895033029801,470.67828112611744,1.3491063117980957,133.19258970450525,446.41464175191015
pBqGOb2vYq_003828_1617900000,pBqGOb2vYq,pBqGOb2vYq_003828,pBqGOb2vYq_003828,1617900000,crucial,1.5374760286706515,10.312982559204102,1.5728828731798528,575.09478328756,15.647695973228238,559.4470873143317,1.235131025314331,171.7566112267832,403.33817206077674
qoohcdtLDH_001426_5575300000,qoohcdtLDH,qoohcdtLDH_001426,qoohcdtLDH_001426,5575300000,crucial,2.496102078730466,-5.967237949371338,3.5157624223002997,575.063666017839,120.31381351916319,454.74985249867575,3.348665714263916,105.69453780508866,469.3691282127503
pBqGOb2vYq_003967_1633500000,pBqGOb2vYq,pBqGOb2vYq_003967,pBqGOb2vYq_003967,1633500000,small,5.0563091239945095,-2.6215529441833496,4.1890641250186755,574.1124327749467,41.85766722008967,532.254765554857,2.615644693374634,190.0603428164164,384.05208995853025
pBqGOb2vYq_003541_1606100000,pBqGOb2vYq,pBqGOb2vYq_003541,pBqGOb2vYq_003541,1606100000,crucial,2.7431870851000464,-4.928287029266357,3.8020804501674745,572.2290209829852,104.81537593813445,467.4136450448507,1.3849786520004272,378.0762488330541,194.15277214993108
DGqicHUGWb_000664_3261700000,DGqicHUGWb,DGqicHUGWb_000664,DGqicHUGWb_000664,3261700000,crucial,1.7490664870270112,59.999996185302734,3.235642793892725,572.047900477701,274.7943021945318,297.2535982831692,2.2214269638061523,128.12039764783142,443.9275028298696
qoohcdtLDH_004068_5599700000,qoohcdtLDH,qoohcdtLDH_004068,qoohcdtLDH_004068,5599700000,crucial,2.24085202926146,-8.6094388961792,3.017975451759326,572.0049012110211,119.56080442589972,452.44409678512136,1.5045710802078247,231.2361641426251,340.768737068396
DGqicHUGWb_000522_3253700000,DGqicHUGWb,DGqicHUGWb_000522,DGqicHUGWb_000522,3253700000,crucial,2.289755069498449,-8.029217720031738,3.9311075200392964,570.3275212388498,188.8789135241715,381.44860771467836,4.493070602416992,221.47250735267139,348.8550138861784
qoohcdtLDH_003319_5598000000,qoohcdtLDH,qoohcdtLDH_003319,qoohcdtLDH_003319,5598000000,crucial,1.4150551350376226,6.155255317687988,1.576854099909026,569.1020490684987,77.72333580891522,491.37871325958344,1.4235618114471436,4.542981506323457,564.5590675621752
pBqGOb2vYq_000006_1655400000,pBqGOb2vYq,pBqGOb2vYq_000006,pBqGOb2vYq_000006,1655400000,crucial,2.0724580169513653,-14.045173645019531,2.1302135101134008,565.4951808490771,13.736120229349558,551.7590606197275,3.839109420776367,230.61903546597017,334.8761453831069
qoohcdtLDH_000014_5411300000,qoohcdtLDH,qoohcdtLDH_000014,qoohcdtLDH_000014,5411300000,crucial,2.029650446971274,-16.887027740478516,3.206204555545476,564.2895447878252,188.3843828481936,375.9051619396316,3.2108399868011475,188.8491456245074,375.4403991633178
qoohcdtLDH_004068_5599200000,qoohcdtLDH,qoohcdtLDH_004068,qoohcdtLDH_004068,5599200000,crucial,2.3570297983601534,-7.635001182556152,3.174986743375206,563.6510933188086,113.4969911050597,450.15410221374896,1.3114495277404785,359.6286978684016,204.02239545040703
DGqicHUGWb_000522_3254400000,DGqicHUGWb,DGqicHUGWb_000522,DGqicHUGWb_000522,3254400000,crucial,1.7575304024334049,44.564849853515625,2.3260726871247277,563.3441567415031,146.38460550562533,416.9595512358777,4.841084957122803,377.0800110270453,186.26414571445775
qoohcdtLDH_001135_5447100000,qoohcdtLDH,qoohcdtLDH_001135,qoohcdtLDH_001135,5447100000,crucial,1.7048491615010735,22.724374771118164,2.034748576015901,560.36594617187,100.51988473392468,459.84606143794525,1.2998440265655518,196.0584051862071,364.30754098566285
qoohcdtLDH_004068_5599800000,qoohcdtLDH,qoohcdtLDH_004068,qoohcdtLDH_004068,5599800000,crucial,2.1423358177501486,-12.262890815734863,2.8256206297701216,559.2419012696,117.7069966727308,441.53490459686924,1.9689210653305054,43.21840336459069,516.0234979050093
DGqicHUGWb_000063_3126700000,DGqicHUGWb,DGqicHUGWb_000063,DGqicHUGWb_000063,3126700000,crucial,1.5630302987637348,9.814552307128906,2.566497126699473,558.7538997749319,263.73597693986915,295.0179228350628,4.42372989654541,432.51827897595047,126.23562079898147
DGqicHUGWb_000681_3269800000,DGqicHUGWb,DGqicHUGWb_000681,DGqicHUGWb_000681,3269800000,crucial,1.4654323314308577,6.779325008392334,1.3766867586583413,558.1859598284217,47.322597126833735,510.86336270158796,4.319460391998291,472.5596638231769,85.6262960052448
pBqGOb2vYq_001061_1550900000,pBqGOb2vYq,pBqGOb2vYq_001061,pBqGOb2vYq_001061,1550900000,crucial,2.9571325850241688,-4.646143436431885,4.606213368674421,556.9642147336566,124.52616912466813,432.4380456089885,1.961297869682312,179.30860423056444,377.65561050309213
pBqGOb2vYq_003550_1640300000,pBqGOb2vYq,pBqGOb2vYq_003550,pBqGOb2vYq_003550,1640300000,crucial,2.233087292580357,-10.070599555969238,3.365003894154971,556.9561864407322,156.46535791080098,400.49082852993115,1.8016325235366821,112.90412445584985,444.0520619848823
DGqicHUGWb_000201_3191500000,DGqicHUGWb,DGqicHUGWb_000201,DGqicHUGWb_000201,3191500000,crucial,1.398774653108234,5.44225549697876,3.2376113905412076,556.2971330820203,428.01334166231135,128.28379141970896,3.4892852306365967,450.97502633247825,105.32210674954206
DGqicHUGWb_000024_3149800000,DGqicHUGWb,DGqicHUGWb_000024,DGqicHUGWb_000024,3149800000,crucial,2.12467815057571,-13.628734588623049,2.3315974435642497,555.202327322456,43.736230814688945,511.466096507767,2.5857088565826416,87.67765892823964,467.52466839421635
DGqicHUGWb_000063_3126600000,DGqicHUGWb,DGqicHUGWb_000063,DGqicHUGWb_000063,3126600000,crucial,1.662257153789,15.28852653503418,2.993164258941859,554.8240318386006,280.6443504121501,274.1796814264505,4.261356353759766,382.9830619715392,171.8409698670614
qoohcdtLDH_001135_5447300000,qoohcdtLDH,qoohcdtLDH_001135,qoohcdtLDH_001135,5447300000,crucial,1.5085337382377233,7.670053482055664,1.902137989347634,554.6542761182136,145.84104253096245,408.81323358725115,1.319031000137329,102.52211817172646,452.13215794648715
qoohcdtLDH_000012_5463200000,qoohcdtLDH,qoohcdtLDH_000012,qoohcdtLDH_000012,5463200000,crucial,2.3742849255329164,-8.031350135803223,5.120697474938989,554.0495146552496,233.08831553907766,320.96119911617194,4.469323635101318,204.0176105167157,350.0319041385339
pBqGOb2vYq_000892_1547100000,pBqGOb2vYq,pBqGOb2vYq_000892,pBqGOb2vYq_000892,1547100000,crucial,2.445721435770734,-7.441800117492676,4.14519866950488,550.952671010172,173.27088841251964,377.6817825976524,2.5043351650238037,9.972726128661124,540.9799448815108
pBqGOb2vYq_000892_1546800000,pBqGOb2vYq,pBqGOb2vYq_000892,pBqGOb2vYq_000892,1546800000,crucial,2.7654053003112296,-5.6010613441467285,5.957574343759191,545.2733061134084,199.0325235021437,346.24078261126465,3.59910249710083,86.53076093178561,458.74254518162275
pBqGOb2vYq_001005_1550700000,pBqGOb2vYq,pBqGOb2vYq_001005,pBqGOb2vYq_001005,1550700000,crucial,2.016095581702728,-27.88627815246582,4.529720309944564,544.5277499313675,285.49447030052073,259.0332796308467,3.0423765182495117,174.5183119897923,370.00943794157513
pBqGOb2vYq_003137_1620500000,pBqGOb2vYq,pBqGOb2vYq_003137,pBqGOb2vYq_003137,1620500000,small,3.0091543787134016,-4.79813289642334,4.477149248378532,544.2388316571964,112.07795097553426,432.1608806816622,1.3139865398406982,453.5941668765419,90.64466478065452
DGqicHUGWb_000135_3176300000,DGqicHUGWb,DGqicHUGWb_000135,DGqicHUGWb_000135,3176300000,crucial,1.505983307943898,6.987658977508545,1.7177154482209576,542.947906362958,87.2888094706127,455.65909689234525,1.6394758224487305,57.74537475833466,485.2025316046233
DGqicHUGWb_000681_3269600000,DGqicHUGWb,DGqicHUGWb_000681,DGqicHUGWb_000681,3269600000,crucial,1.6544294006858913,12.416613578796388,1.4995196104501778,542.6131084287591,66.68111782352173,475.9319906052374,3.665604829788208,346.8798987390233,195.73320968973582
qoohcdtLDH_001707_5596400000,qoohcdtLDH,qoohcdtLDH_001707,qoohcdtLDH_001707,5596400000,crucial,1.5109223545183579,6.945798873901367,1.461437979808493,539.7481530223412,24.027369439103968,515.7207835832372,2.3936710357666016,258.02073156911206,281.7274214532291
qoohcdtLDH_002316_5598800000,qoohcdtLDH,qoohcdtLDH_002316,qoohcdtLDH_002316,5598800000,crucial,2.253308938155083,-12.057506561279297,2.832930517516646,536.5346089239016,94.5686370235585,441.9659719003431,5.613887786865234,274.20547191054345,262.32913701335815
qoohcdtLDH_001784_5566100000,qoohcdtLDH,qoohcdtLDH_001784,qoohcdtLDH_001784,5566100000,crucial,1.7573008843114855,20.29938125610352,3.3677451874338096,536.5030517111367,284.4550306342823,252.04802107685435,1.3781843185424805,167.37614185026763,369.12690986086903
pBqGOb2vYq_003541_1605900000,pBqGOb2vYq,pBqGOb2vYq_003541,pBqGOb2vYq_003541,1605900000,crucial,2.8646750329608164,-5.486536026000977,4.4545490390181275,535.9414391048651,128.27042677132047,407.6710123335447,1.1759670972824097,533.3917015356442,2.5497375692209516
pBqGOb2vYq_003967_1633000000,pBqGOb2vYq,pBqGOb2vYq_003967,pBqGOb2vYq_003967,1633000000,small,5.2639465817658415,-2.8587348461151123,5.017834104450297,535.6251220339141,9.502588471838186,526.1225335620759,2.3541419506073,242.27000506440342,293.3551169695106
pBqGOb2vYq_005286_1653400000,pBqGOb2vYq,pBqGOb2vYq_005286,pBqGOb2vYq_005286,1653400000,crucial,2.0867347433402554,-22.484323501586918,2.919679146936908,535.457440147197,142.57433649702318,392.8831036501738,3.5839409828186035,208.09153139290902,327.36590875428794
pBqGOb2vYq_003550_1640200000,pBqGOb2vYq,pBqGOb2vYq_003550,pBqGOb2vYq_003550,1640200000,crucial,2.3834012659854857,-9.32083797454834,3.3489060939575177,535.3396165466869,125.47055967129802,409.8690568753889,1.3918784856796265,316.94457573341805,218.39504081326885
DGqicHUGWb_000681_3269400000,DGqicHUGWb,DGqicHUGWb_000681,DGqicHUGWb_000681,3269400000,crucial,1.8549456838660408,50.65141677856445,1.9499153795450113,534.4127772657017,27.7142834981943,506.69849376750744,2.6764707565307617,173.3900148717523,361.0227623939494
pBqGOb2vYq_003541_1605800000,pBqGOb2vYq,pBqGOb2vYq_003541,pBqGOb2vYq_003541,1605800000,crucial,2.941211674403009,-5.289899826049805,5.390094141873525,533.1851387849163,158.64214609226414,374.5429926926521,1.2156187295913696,512.5300070373546,20.655131747561654
DGqicHUGWb_000522_3253800000,DGqicHUGWb,DGqicHUGWb_000522,DGqicHUGWb_000522,3253800000,crucial,2.2008900159449003,-14.70188045501709,2.733013562823005,532.7958195320484,92.24921241054471,440.5466071215037,4.09450101852417,217.74570635497108,315.0501131770774
qoohcdtLDH_001784_5565400000,qoohcdtLDH,qoohcdtLDH_001784,qoohcdtLDH_001784,5565400000,crucial,2.4780661009878933,-8.421435356140137,2.9436443493514757,529.9537532838812,66.28926051162574,463.6644927722554,2.4435746669769287,5.937322449616339,524.0164308342648
qoohcdtLDH_004068_5599500000,qoohcdtLDH,qoohcdtLDH_004068,qoohcdtLDH_004068,5599500000,crucial,2.4173719711289503,-9.386370658874512,3.4449623266331257,528.4460899316641,127.8967738301522,400.5493161015119,2.1489415168762207,54.04861408324434,474.3974758484198
