sample_token,sequence_id,track_id,public_track_id,timestamp_us,bucket,target_ttc_s,causal_prediction_ttc_s,release_prediction_ttc_s,causal_mid_per_sample,release_mid_per_sample,causal_minus_release_mid
qoohcdtLDH_000029_5454000000,qoohcdtLDH,qoohcdtLDH_000029,qoohcdtLDH_000029,5454000000,large,6.8127809373887525,0.5280083417892456,5.13174925746444,1951.8231104522479,48.91812535960011,1902.9049850926478
qoohcdtLDH_000002_5412700000,qoohcdtLDH,qoohcdtLDH_000002,qoohcdtLDH_000002,5412700000,small,4.954509590976687,-0.6364040970802307,4.616851756916183,1663.3538347304818,15.076928911801346,1648.2769058186805
qoohcdtLDH_000866_5415100000,qoohcdtLDH,qoohcdtLDH_000866,qoohcdtLDH_000866,5415100000,crucial,0.72819972874821,-13.251720428466797,1.9072817631806414,1552.350678607769,938.6206833283317,613.7299952794373
DGqicHUGWb_000000_3095700000,DGqicHUGWb,DGqicHUGWb_000000,DGqicHUGWb_000000,3095700000,crucial,0.6958634517495518,6.40326452255249,4.070836081603744,1394.0165346368499,1302.7018667143834,91.31466792246647
DGqicHUGWb_000398_3210500000,DGqicHUGWb,DGqicHUGWb_000398,DGqicHUGWb_000398,3210500000,crucial,0.7447638008785791,20.44938087463379,1.8517854354037102,1392.8095339288002,886.6831550828688,506.1263788459314
pBqGOb2vYq_004297_1634600000,pBqGOb2vYq,pBqGOb2vYq_004297,pBqGOb2vYq_004297,1634600000,crucial,0.7112548444609977,6.945278644561768,1.9437381818902284,1370.1389900922456,986.9894474682292,383.1495426240165
DGqicHUGWb_000201_3192200000,DGqicHUGWb,DGqicHUGWb_000201,DGqicHUGWb_000201,3192200000,crucial,0.7318878731560954,8.762153625488281,2.8280033662949706,1354.3701677696818,1109.1439654637811,245.22620230590064
DGqicHUGWb_000664_3262500000,DGqicHUGWb,DGqicHUGWb_000664,DGqicHUGWb_000664,3262500000,crucial,0.9437194184439203,-5.1956562995910645,2.198721386907111,1310.7286792730713,654.6119129723103,656.116766300761
pBqGOb2vYq_003520_1600800000,pBqGOb2vYq,pBqGOb2vYq_003520,pBqGOb2vYq_003520,1600800000,crucial,0.7728885707733445,11.953778266906738,2.57761688197893,1301.5439800795257,989.870221078305,311.6737590012207
pBqGOb2vYq_004297_1634500000,pBqGOb2vYq,pBqGOb2vYq_004297,pBqGOb2vYq_004297,1634500000,crucial,0.8038589376806664,33.01931381225586,2.3650900707197384,1298.127138615797,896.4425804859235,401.6845581298736
DGqicHUGWb_000769_3302200000,DGqicHUGWb,DGqicHUGWb_000769,DGqicHUGWb_000769,3302200000,large,6.197471363398676,0.744192361831665,5.212190958305217,1280.3496266501365,31.05015904785173,1249.2994676022847
DGqicHUGWb_000664_3262400000,DGqicHUGWb,DGqicHUGWb_000664,DGqicHUGWb_000664,3262400000,crucial,1.0426018365261671,-3.90073823928833,1.558667189252159,1261.4374753497984,345.2271546443238,916.2103207054747
DGqicHUGWb_000201_3192100000,DGqicHUGWb,DGqicHUGWb_000201,DGqicHUGWb_000201,3192100000,crucial,0.8296253539987002,36.540557861328125,2.1296013590717027,1257.0259279835236,803.4762154836279,453.5497124998957
qoohcdtLDH_001135_5448000000,qoohcdtLDH,qoohcdtLDH_001135,qoohcdtLDH_001135,5448000000,crucial,0.832258929372203,36.61062240600586,2.559990695981072,1252.7424062742843,881.6336924067193,371.10871386756503
pBqGOb2vYq_001196_1562200000,pBqGOb2vYq,pBqGOb2vYq_001196,pBqGOb2vYq_001196,1562200000,crucial,1.1036563683266576,-3.3258094787597656,3.5207828666040584,1246.0362998417086,661.6500184402136,584.386281401495
DGqicHUGWb_000201_3192000000,DGqicHUGWb,DGqicHUGWb_000201,DGqicHUGWb_000201,3192000000,crucial,0.9239850231155664,-23.625333786010746,1.9664530219899732,1187.6732041315095,623.5193540857215,564.153850045788
pBqGOb2vYq_003520_1600600000,pBqGOb2vYq,pBqGOb2vYq_003520,pBqGOb2vYq_003520,1600600000,crucial,0.9792892718318703,-9.615100860595703,3.495531462786745,1180.5973603950038,786.8800391002999,393.7173212947039
DGqicHUGWb_000024_3111400000,DGqicHUGWb,DGqicHUGWb_000024,DGqicHUGWb_000024,3111400000,small,3.1396038421295906,-1.1313972473144531,2.6111641116801247,1170.6556234412653,66.8027136119366,1103.8529098293288
qoohcdtLDH_004162_5596300000,qoohcdtLDH,qoohcdtLDH_004162,qoohcdtLDH_004162,5596300000,small,4.94385910415628,0.7931739687919617,4.697517525655556,1143.2709043706116,10.832108558131956,1132.4387958124796
DGqicHUGWb_000398_3210300000,DGqicHUGWb,DGqicHUGWb_000398,DGqicHUGWb_000398,3210300000,crucial,0.9440872486380825,-59.999996185302734,2.1111327693266095,1136.2800128750757,634.361910863499,501.9181020115767
qoohcdtLDH_000866_5414700000,qoohcdtLDH,qoohcdtLDH_000866,qoohcdtLDH_000866,5414700000,crucial,1.1177856734944673,-4.985085487365723,6.726626907073518,1135.8158080012142,787.4238905902425,348.3919174109717
qoohcdtLDH_000866_5414800000,qoohcdtLDH,qoohcdtLDH_000866,qoohcdtLDH_000866,5414800000,crucial,1.0199164873693063,-10.346163749694824,4.663443917750108,1128.1214339333387,815.1650673970321,312.95636653630663
DGqicHUGWb_000664_3262300000,DGqicHUGWb,DGqicHUGWb_000664,DGqicHUGWb_000664,3262300000,crucial,1.1478140550218117,-4.6634840965271,1.6780249317316283,1123.6969462895208,297.0972599468688,826.599686342652
DGqicHUGWb_000398_3210400000,DGqicHUGWb,DGqicHUGWb_000398,DGqicHUGWb_000398,3210400000,crucial,0.8482947472511888,7.472345352172852,2.1266603256702004,1119.581730324089,772.676587198591,346.90514312549794
pBqGOb2vYq_001196_1562300000,pBqGOb2vYq,pBqGOb2vYq_001196,pBqGOb2vYq_001196,1562300000,crucial,1.0038000333374224,-15.318899154663086,3.4984436033002897,1114.4664642220143,759.3935482770828,355.07291594493154
DGqicHUGWb_000000_3095500000,DGqicHUGWb,DGqicHUGWb_000000,DGqicHUGWb_000000,3095500000,crucial,0.9014822779060028,15.313899993896484,1.3464915661838808,1110.2609431305955,404.080115735216,706.1808273953795
DGqicHUGWb_000201_3191600000,DGqicHUGWb,DGqicHUGWb_000201,DGqicHUGWb_000201,3191600000,crucial,1.3083444618452544,-3.293713092803955,4.106355143326676,1094.2046056845456,548.5743656283192,545.6302400562264
pBqGOb2vYq_003520_1600700000,pBqGOb2vYq,pBqGOb2vYq_003520,pBqGOb2vYq_003520,1600700000,crucial,0.8779080204199108,7.904398441314697,4.736814179811908,1082.016445321622,995.9627176687258,86.05372765289633
qoohcdtLDH_002110_5563400000,qoohcdtLDH,qoohcdtLDH_002110,qoohcdtLDH_002110,5563400000,small,4.346674281125914,0.8220711350440979,4.320665880407224,1064.284061600468,1.4175709159102226,1062.866490684558
DGqicHUGWb_000201_3191700000,DGqicHUGWb,DGqicHUGWb_000201,DGqicHUGWb_000201,3191700000,crucial,1.2229000311766003,-5.263509273529053,4.45432779578364,1041.3096984362464,626.0454450145803,415.2642534216661
DGqicHUGWb_000769_3304500000,DGqicHUGWb,DGqicHUGWb_000769,DGqicHUGWb_000769,3304500000,small,3.73026823894122,0.8199998736381531,5.578900111493016,1028.7954522743742,90.86331328699349,937.9321389873807
qoohcdtLDH_000866_5414900000,qoohcdtLDH,qoohcdtLDH_000866,qoohcdtLDH_000866,5414900000,crucial,0.9231582936908141,7.602638721466064,2.5489930224498867,1014.116002947981,746.3074012719592,267.8086016760218
DGqicHUGWb_000398_3210100000,DGqicHUGWb,DGqicHUGWb_000398,DGqicHUGWb_000398,3210100000,crucial,1.1452818059654388,-9.953721046447754,1.7041474170268711,1013.6056920787136,308.9167972206909,704.6888948580226
qoohcdtLDH_000866_5415000000,qoohcdtLDH,qoohcdtLDH_000866,qoohcdtLDH_000866,5415000000,crucial,0.8296324207320117,3.682339668273926,2.11402043942263,1009.0965801740958,799.8324893828816,209.26409079121424
DGqicHUGWb_000769_3302400000,DGqicHUGWb,DGqicHUGWb_000769,DGqicHUGWb_000769,3302400000,large,6.001007306109449,-1.1431872844696045,4.753972424263631,1006.6252099513522,44.551553934977925,962.0736560163742
pBqGOb2vYq_003967_1635000000,pBqGOb2vYq,pBqGOb2vYq_003967,pBqGOb2vYq_003967,1635000000,small,4.951567455489302,-1.2175177335739136,5.058693063466604,993.3766462372542,4.3639335725644335,989.0127126646898
DGqicHUGWb_000398_3209600000,DGqicHUGWb,DGqicHUGWb_000398,DGqicHUGWb_000398,3209600000,crucial,1.666323055924261,-2.6566731929779053,1.7660843027532935,988.3849319826178,35.998728400200854,952.3862035824169
DGqicHUGWb_000664_3262200000,DGqicHUGWb,DGqicHUGWb_000664,DGqicHUGWb_000664,3262200000,crucial,1.2496613071972527,-6.8607258796691895,2.6511724001825487,978.7568930226473,449.56237804711907,529.1945149755283
pBqGOb2vYq_002438_1579500000,pBqGOb2vYq,pBqGOb2vYq_002438,pBqGOb2vYq_002438,1579500000,crucial,1.6777879157590996,-2.7916479110717773,2.766401881064551,966.4687670104377,246.34833806206132,720.1204289483763
qoohcdtLDH_000002_5414300000,qoohcdtLDH,qoohcdtLDH_000002,qoohcdtLDH_000002,5414300000,small,4.004564552381052,-1.3707305192947388,3.8539524952321824,957.039875756532,10.013783657699081,947.0260920988329
DGqicHUGWb_000398_3209500000,DGqicHUGWb,DGqicHUGWb_000398,DGqicHUGWb_000398,3209500000,crucial,1.7749157597902994,-2.6220057010650635,1.435394916408304,954.1953018674187,142.2285760273316,811.9667258400871
DGqicHUGWb_000398_3210200000,DGqicHUGWb,DGqicHUGWb_000398,DGqicHUGWb_000398,3210200000,crucial,1.0538026135750465,22.721435546875,2.6838663468882555,952.9284803074038,617.3213149810412,335.60716532636263
DGqicHUGWb_000664_3261800000,DGqicHUGWb,DGqicHUGWb_000664,DGqicHUGWb_000664,3261800000,crucial,1.6503649150100934,-3.0032958984375,3.570148230843924,952.605131321896,340.9628650588892,611.6422662630068
DGqicHUGWb_000664_3262100000,DGqicHUGWb,DGqicHUGWb_000664,DGqicHUGWb_000664,3262100000,crucial,1.348022627317347,-5.616327285766602,2.0483466887981785,947.2697140154847,270.2658410392937,677.003872976191
DGqicHUGWb_000398_3210000000,DGqicHUGWb,DGqicHUGWb_000398,DGqicHUGWb_000398,3210000000,crucial,1.25281462010068,-9.3796968460083,1.5171121433059378,937.9116243040426,149.98745158849664,787.9241727155459
DGqicHUGWb_000201_3191900000,DGqicHUGWb,DGqicHUGWb_000201,DGqicHUGWb_000201,3191900000,crucial,1.019157740803702,10.352290153503418,2.462827034701001,935.674133955338,618.2297623830711,317.44437157226685
pBqGOb2vYq_000006_1757000000,pBqGOb2vYq,pBqGOb2vYq_000006,pBqGOb2vYq_000006,1757000000,negative,-5.522374336252012,1.3752743005752563,-5.302081850533823,934.3806263171972,7.387084718501538,926.9935415986956
pBqGOb2vYq_002849_1578400000,pBqGOb2vYq,pBqGOb2vYq_002849,pBqGOb2vYq_002849,1578400000,crucial,1.7333814739242646,-2.900611639022827,4.726839847473792,933.16242905972,380.3894596284143,552.7729694313057
pBqGOb2vYq_000815_1549500000,pBqGOb2vYq,pBqGOb2vYq_000815,pBqGOb2vYq_000815,1549500000,negative,-6.56594588878323,1.3362551927566528,-6.590487573952122,928.9954949686576,0.5586466281809997,928.4368483404766
DGqicHUGWb_000769_3304400000,DGqicHUGWb,DGqicHUGWb_000769,DGqicHUGWb_000769,3304400000,small,3.846327896765902,0.8905802965164185,3.5402791795520905,927.6327304528081,23.101959723843926,904.5307707289642
qoohcdtLDH_001135_5447700000,qoohcdtLDH,qoohcdtLDH_001135,qoohcdtLDH_001135,5447700000,crucial,1.1107524824190793,59.999996185302734,1.4346487046471688,926.7455497543586,220.90712702016137,705.8384227341973
qoohcdtLDH_000024_5462000000,qoohcdtLDH,qoohcdtLDH_000024,qoohcdtLDH_000024,5462000000,large,6.990445097132867,-1.2295764684677124,6.685523114902246,925.9921834529936,6.621400190574452,919.3707832624191
DGqicHUGWb_000664_3261900000,DGqicHUGWb,DGqicHUGWb_000664,DGqicHUGWb_000664,3261900000,crucial,1.543629509918149,-4.06999397277832,2.506031506293673,912.4910449028147,262.54316234288575,649.947882559929
DGqicHUGWb_000201_3191800000,DGqicHUGWb,DGqicHUGWb_000201,DGqicHUGWb_000201,3191800000,crucial,1.1273633654666226,59.999996185302734,4.467359869975646,912.1786332502404,702.4699730301694,209.708660220071
pBqGOb2vYq_002464_1625100000,pBqGOb2vYq,pBqGOb2vYq_002464,pBqGOb2vYq_002464,1625100000,crucial,0.9987650955153222,6.999972820281982,2.6830631320193694,911.0911263261381,675.1475997711389,235.94352655499927
pBqGOb2vYq_007997_1761800000,pBqGOb2vYq,pBqGOb2vYq_007997,pBqGOb2vYq_007997,1761800000,crucial,1.2345576053571348,-15.317075729370115,1.9926668768167222,909.7733361110581,329.8289144571303,579.9444216539279
pBqGOb2vYq_001870_1569400000,pBqGOb2vYq,pBqGOb2vYq_001870,pBqGOb2vYq_001870,1569400000,crucial,1.3991725490354634,-5.9440531730651855,5.191443829491157,908.3705340140095,547.0306177475695,361.33991626644
DGqicHUGWb_000522_3253800000,DGqicHUGWb,DGqicHUGWb_000522,DGqicHUGWb_000522,3253800000,crucial,2.2008900159449003,-2.273900985717773,2.733013562823005,895.3849424898802,92.24921241054471,803.1357300793355
pBqGOb2vYq_000697_1564300000,pBqGOb2vYq,pBqGOb2vYq_000697,pBqGOb2vYq_000697,1564300000,crucial,1.5320125009986372,-4.562420845031738,1.6859165042379134,891.8287112284481,63.54573922498212,828.282972003466
DGqicHUGWb_000024_3150500000,DGqicHUGWb,DGqicHUGWb_000024,DGqicHUGWb_000024,3150500000,crucial,1.252215048314611,-17.922874450683594,2.983297693695398,887.9175764932228,491.33177352512746,396.5858029680953
DGqicHUGWb_000201_3191400000,DGqicHUGWb,DGqicHUGWb_000201,DGqicHUGWb_000201,3191400000,crucial,1.5009129020041452,-5.0535969734191895,4.910034652385679,885.4407796076628,483.72716383413547,401.7136157735273
qoohcdtLDH_001707_5596400000,qoohcdtLDH,qoohcdtLDH_001707,qoohcdtLDH_001707,5596400000,crucial,1.5109223545183579,-4.946140766143799,1.461437979808493,884.9276959846529,24.027369439103968,860.900326545549
DGqicHUGWb_000000_3095400000,DGqicHUGWb,DGqicHUGWb_000000,DGqicHUGWb_000000,3095400000,crucial,1.0044472494580472,6.079199314117432,1.3304902907308536,882.8235511488762,267.33871986786215,615.4848312810141
DGqicHUGWb_000135_3176800000,DGqicHUGWb,DGqicHUGWb_000135,DGqicHUGWb_000135,3176800000,crucial,1.0319998500677188,7.041071891784668,2.3764684873586552,876.169448666411,589.3092317938609,286.86021687255004
DGqicHUGWb_000681_3270100000,DGqicHUGWb,DGqicHUGWb_000681,DGqicHUGWb_000681,3270100000,crucial,1.1643967977435703,44.04760360717773,1.596400928408477,875.2207910429245,251.06099306401813,624.1597979789063
qoohcdtLDH_003726_5577600000,qoohcdtLDH,qoohcdtLDH_003726,qoohcdtLDH_003726,5577600000,crucial,1.7022873874326316,-3.948591947555542,2.405981816674015,855.5075022468843,180.8911977652558,674.6163044816285
DGqicHUGWb_000681_3270000000,DGqicHUGWb,DGqicHUGWb_000681,DGqicHUGWb_000681,3270000000,crucial,1.2615715550000772,-40.414794921875,1.474224895563066,850.5561788487007,123.41835351024427,727.1378253384564
qoohcdtLDH_001135_5447500000,qoohcdtLDH,qoohcdtLDH_001135,qoohcdtLDH_001135,5447500000,crucial,1.3352847071806793,-14.171957015991213,1.5429305170281755,848.744673649336,108.35642886527303,740.388244784063
pBqGOb2vYq_001293_1557300000,pBqGOb2vYq,pBqGOb2vYq_001293,pBqGOb2vYq_001293,1557300000,crucial,1.6818229988641993,-4.1962761878967285,2.5463547474143446,848.5147940434215,212.36577566089335,636.1490183825281
DGqicHUGWb_000664_3261700000,DGqicHUGWb,DGqicHUGWb_000664,DGqicHUGWb_000664,3261700000,crucial,1.7490664870270112,-3.8067662715911865,3.235642793892725,848.0275741687515,274.7943021945318,573.2332719742196
DGqicHUGWb_000024_3150400000,DGqicHUGWb,DGqicHUGWb_000024,DGqicHUGWb_000024,3150400000,crucial,1.373834807998557,-10.990843772888184,2.0622132859318034,846.3141550199573,258.67321784394994,587.6409371760074
DGqicHUGWb_000000_3095300000,DGqicHUGWb,DGqicHUGWb_000000,DGqicHUGWb_000000,3095300000,crucial,1.1110957211291927,9.267006874084473,1.3629355695405423,834.6243383560567,181.09997078319785,653.5243675728589
DGqicHUGWb_000398_3209900000,DGqicHUGWb,DGqicHUGWb_000398,DGqicHUGWb_000398,3209900000,crucial,1.3555279413430283,-15.944822311401367,1.5606433125339123,828.8689208975236,104.13696146582635,724.7319594316973
DGqicHUGWb_000024_3150300000,DGqicHUGWb,DGqicHUGWb_000024,DGqicHUGWb_000024,3150300000,crucial,1.500531573664171,-7.492519378662109,2.9965593157453774,822.2593140665426,350.2642177879481,471.99509627859453
qoohcdtLDH_003319_5598100000,qoohcdtLDH,qoohcdtLDH_003319,qoohcdtLDH_003319,5598100000,crucial,1.326253406238813,-32.09797286987305,1.3768440263504769,815.0508815008734,29.919558068471076,785.1313234324023
DGqicHUGWb_000664_3262000000,DGqicHUGWb,DGqicHUGWb_000664,DGqicHUGWb_000664,3262000000,crucial,1.4479277581292607,-10.293973922729492,2.0032378192745233,812.3252249042744,203.5675280970882,608.7576968071862
DGqicHUGWb_000135_3176500000,DGqicHUGWb,DGqicHUGWb_000135,DGqicHUGWb_000135,3176500000,crucial,1.3203463475814659,-59.999996185302734,1.9248072409420793,804.246562219131,254.07908701182868,550.1674752073022
pBqGOb2vYq_005286_1653400000,pBqGOb2vYq,pBqGOb2vYq_005286,pBqGOb2vYq_005286,1653400000,crucial,2.0867347433402554,-3.201305389404297,2.919679146936908,798.6736390062355,142.57433649702318,656.0993025092123
DGqicHUGWb_000522_3253900000,DGqicHUGWb,DGqicHUGWb_000522,DGqicHUGWb_000522,3253900000,crucial,2.1235988615005943,-3.1386351585388184,2.7890786880955662,795.9863593395094,117.22002623863143,678.7663331008779
pBqGOb2vYq_002823_1589700000,pBqGOb2vYq,pBqGOb2vYq_002823,pBqGOb2vYq_002823,1589700000,crucial,1.338616700930527,-59.999996185302734,2.9427518402911055,793.0685430064566,430.68972086597245,362.37882214048415
DGqicHUGWb_000522_3247300000,DGqicHUGWb,DGqicHUGWb_000522,DGqicHUGWb_000522,3247300000,large,7.8172806817910665,-1.4595931768417358,14.398359967682092,791.4194877062849,59.052306388783634,732.3671813175013
DGqicHUGWb_000398_3209300000,DGqicHUGWb,DGqicHUGWb_000398,DGqicHUGWb_000398,3209300000,crucial,1.9780661545825755,-3.658902406692505,2.216559720082451,788.4085969904472,57.12750339955594,731.2810935908913
qoohcdtLDH_001426_5574200000,qoohcdtLDH,qoohcdtLDH_001426,qoohcdtLDH_001426,5574200000,small,4.6640246191648504,-1.7029069662094116,4.440682481999237,787.3747400856794,11.025857348118915,776.3488827375604
pBqGOb2vYq_000909_1547100000,pBqGOb2vYq,pBqGOb2vYq_000909,pBqGOb2vYq_000909,1547100000,small,5.676358532562316,-1.5934507846832275,5.922124239696095,786.4031528061677,7.439290675943788,778.9638621302239
qoohcdtLDH_000002_5413100000,qoohcdtLDH,qoohcdtLDH_000002,qoohcdtLDH_000002,5413100000,small,4.789369344392031,-1.6965773105621338,19.127518079259623,783.7112241446576,158.58852609498746,625.1226980496701
DGqicHUGWb_000135_3176700000,DGqicHUGWb,DGqicHUGWb_000135,DGqicHUGWb_000135,3176700000,crucial,1.1286027040693727,6.634818077087402,1.6898880584017169,775.92298975527,317.8036038538877,458.1193859013823
pBqGOb2vYq_002464_1612300000,pBqGOb2vYq,pBqGOb2vYq_002464,pBqGOb2vYq_002464,1612300000,negative,-7.696100728609884,1.6040228605270386,-11.1040755322251,772.8123670854571,39.445074764248126,733.367292321209
pBqGOb2vYq_001293_1557600000,pBqGOb2vYq,pBqGOb2vYq_001293,pBqGOb2vYq_001293,1557600000,crucial,1.4162163128175798,-25.149436950683597,2.208523655709673,771.9590389765551,268.9130620204339,503.0459769561212
DGqicHUGWb_000398_3209400000,DGqicHUGWb,DGqicHUGWb_000398,DGqicHUGWb_000398,3209400000,crucial,1.8763554079883713,-4.49005651473999,2.216694615529624,767.9458896751482,86.06094774839819,681.88494192675
pBqGOb2vYq_000697_1564400000,pBqGOb2vYq,pBqGOb2vYq_000697,pBqGOb2vYq_000697,1564400000,crucial,1.398600508022097,-40.41149520874024,1.5839985723803192,766.5643401377729,89.72737844102255,676.8369616967503
qoohcdtLDH_003319_5598000000,qoohcdtLDH,qoohcdtLDH_003319,qoohcdtLDH_003319,5598000000,crucial,1.4150551350376226,-29.703279495239254,1.576854099909026,766.5087969518368,77.72333580891522,688.7854611429216
DGqicHUGWb_000135_3176400000,DGqicHUGWb,DGqicHUGWb_000135,DGqicHUGWb_000135,3176400000,crucial,1.4105513669956187,-55.7004508972168,1.9272650815217383,753.2643682320539,202.51145155704197,550.752916675012
pBqGOb2vYq_002438_1579400000,pBqGOb2vYq,pBqGOb2vYq_002438,pBqGOb2vYq_002438,1579400000,crucial,1.7629722296222354,-6.119778156280518,2.4355929742177995,746.0304343931509,164.70211578552468,581.3283186076262
pBqGOb2vYq_001293_1557500000,pBqGOb2vYq,pBqGOb2vYq_001293,pBqGOb2vYq_001293,1557500000,crucial,1.5006625273959542,-19.85830307006836,1.8835715492427987,739.8437737106682,144.0944450753171,595.749328635351
pBqGOb2vYq_001065_1553000000,pBqGOb2vYq,pBqGOb2vYq_001065,pBqGOb2vYq_001065,1553000000,crucial,2.6943015107281214,-2.720898389816284,-14.788559711731333,739.1497405522992,445.6090208898025,293.54071966249677
pBqGOb2vYq_000763_1552300000,pBqGOb2vYq,pBqGOb2vYq_000763,pBqGOb2vYq_000763,1552300000,crucial,2.7388638448317386,-2.718702554702759,4.579006288998299,733.1664404992924,151.1392073023759,582.0272331969165
DGqicHUGWb_000681_3269900000,DGqicHUGWb,DGqicHUGWb_000681,DGqicHUGWb_000681,3269900000,crucial,1.3574232864015567,28.145402908325195,1.5317551154190787,729.6433909798909,90.10476929647237,639.5386216834186
DGqicHUGWb_000681_3269800000,DGqicHUGWb,DGqicHUGWb_000681,DGqicHUGWb_000681,3269800000,crucial,1.4654323314308577,-44.336944580078125,1.3766867586583413,729.3211655406328,47.322597126833735,681.998568413799
qoohcdtLDH_001707_5596600000,qoohcdtLDH,qoohcdtLDH_001707,qoohcdtLDH_001707,5596600000,crucial,1.3230132087462259,17.022743225097656,1.475792836690272,727.0239554738292,84.2902375230846,642.7337179507447
DGqicHUGWb_000201_3191500000,DGqicHUGWb,DGqicHUGWb_000201,DGqicHUGWb_000201,3191500000,crucial,1.398774653108234,59.999996185302734,3.2376113905412076,725.0730294891124,428.01334166231135,297.05968782680105
pBqGOb2vYq_000815_1569500000,pBqGOb2vYq,pBqGOb2vYq_000815,pBqGOb2vYq_000815,1569500000,crucial,1.483042329271692,-43.91405487060547,2.5021057955742876,720.8453312869791,290.23018607563824,430.61514521134086
qoohcdtLDH_000014_5411800000,qoohcdtLDH,qoohcdtLDH_000014,qoohcdtLDH_000014,5411800000,crucial,1.5770417555816039,-15.275400161743164,2.04148196076661,720.3465005376969,152.850950848143,567.4955496895539
DGqicHUGWb_000201_3190900000,DGqicHUGWb,DGqicHUGWb_000201,DGqicHUGWb_000201,3190900000,crucial,1.9901494468883947,-4.840088367462158,18.622230250481653,720.0407737038464,461.69440518598066,258.34636851786576
pBqGOb2vYq_003828_1617900000,pBqGOb2vYq,pBqGOb2vYq_003828,pBqGOb2vYq_003828,1617900000,crucial,1.5374760286706515,-21.39542388916016,1.5728828731798528,719.1631953405061,15.647695973228238,703.5154993672779
DGqicHUGWb_000080_3178000000,DGqicHUGWb,DGqicHUGWb_000080,DGqicHUGWb_000080,3178000000,crucial,2.563881040925157,-3.0944695472717285,2.872743060999106,715.8892335077797,43.541376593788236,672.3478569139916
DGqicHUGWb_000679_3279200000,DGqicHUGWb,DGqicHUGWb_000679,DGqicHUGWb_000679,3279200000,large,8.361294155029173,-1.6312097311019895,3.568877129834931,715.3049052443071,163.88103250863054,551.4238727356765
DGqicHUGWb_000769_3302800000,DGqicHUGWb,DGqicHUGWb_000769,DGqicHUGWb_000769,3302800000,small,5.5850542880969,-1.822115540504456,4.399308566775342,714.9537411178777,49.26011736454548,665.6936237533322
qoohcdtLDH_001784_5566400000,qoohcdtLDH,qoohcdtLDH_001784,qoohcdtLDH_001784,5566400000,crucial,1.5242564688047113,-27.60272026062012,2.380181347150257,714.7311314482027,249.35125417443007,465.37987727377265
DGqicHUGWb_000201_3191300000,DGqicHUGWb,DGqicHUGWb_000201,DGqicHUGWb_000201,3191300000,crucial,1.6028578610218893,-14.816180229187012,4.858836369210683,711.4636583199064,436.2386203893893,275.22503793051703
DGqicHUGWb_000024_3145700000,DGqicHUGWb,DGqicHUGWb_000024,DGqicHUGWb_000024,3145700000,large,9.283193780600943,-1.6116251945495603,9.779972715876434,710.3081233999064,5.529828928880695,704.7782944710258
qoohcdtLDH_001784_5566500000,qoohcdtLDH,qoohcdtLDH_001784,qoohcdtLDH_001784,5566500000,crucial,1.4197945244128476,41.710052490234375,2.2936229648014876,706.3571667775495,284.5794954564816,421.77767132106794
DGqicHUGWb_000681_3269600000,DGqicHUGWb,DGqicHUGWb_000681,DGqicHUGWb_000681,3269600000,crucial,1.6544294006858913,-12.71993637084961,1.4995196104501778,701.7857558795629,66.68111782352173,635.1046380560412
DGqicHUGWb_000024_3150200000,DGqicHUGWb,DGqicHUGWb_000024,DGqicHUGWb_000024,3150200000,crucial,1.6307958047335283,-14.516242027282717,2.2504431264875104,701.4560109693391,178.2716975978804,523.1843133714588
pBqGOb2vYq_001345_1557800000,pBqGOb2vYq,pBqGOb2vYq_001345,pBqGOb2vYq_001345,1557800000,crucial,1.445658452889602,59.999996185302734,2.355345163087398,700.1338799656658,282.9718931991782,417.16198676648753
pBqGOb2vYq_002823_1589200000,pBqGOb2vYq,pBqGOb2vYq_002823,pBqGOb2vYq_002823,1589200000,crucial,1.8431385850126853,-7.034744739532471,3.413310486933049,698.9766727154318,260.4779739559351,438.49869875949673
DGqicHUGWb_000679_3279400000,DGqicHUGWb,DGqicHUGWb_000679,DGqicHUGWb_000679,3279400000,large,8.39539075207547,-1.6809498071670532,2.8959390790043744,697.7063223731002,231.58596755217974,466.12035482092045
DGqicHUGWb_000201_3191100000,DGqicHUGWb,DGqicHUGWb_000201,DGqicHUGWb_000201,3191100000,crucial,1.7908225563047198,-8.120478630065918,6.650511812518975,696.9925058030544,423.09282646842735,273.8996793346271
qoohcdtLDH_003319_5597700000,qoohcdtLDH,qoohcdtLDH_003319,qoohcdtLDH_003319,5597700000,crucial,1.5783228890072507,-25.437030792236328,1.9063969796673383,693.7812767078385,115.73738404620754,578.0438926616309
DGqicHUGWb_000135_3176600000,DGqicHUGWb,DGqicHUGWb_000135,DGqicHUGWb_000135,3176600000,crucial,1.2160256557438363,6.007758140563965,1.4827098736927886,690.2879787685284,159.8787006274982,530.4092781410302
DGqicHUGWb_000000_3095200000,DGqicHUGWb,DGqicHUGWb_000000,DGqicHUGWb_000000,3095200000,crucial,1.2174374200100397,6.025184154510498,1.4687049504866467,689.7385179925246,151.94103028337625,537.7974877091484
DGqicHUGWb_000664_3261100000,DGqicHUGWb,DGqicHUGWb_000664,DGqicHUGWb_000664,3261100000,crucial,2.341095508925693,-3.9225914478302,3.862977171327358,688.2798791531338,174.2644410604257,514.0154380927081
pBqGOb2vYq_002464_1624800000,pBqGOb2vYq,pBqGOb2vYq_002464,pBqGOb2vYq_002464,1624800000,crucial,1.278095085642905,7.939188480377197,2.0012643717948024,687.9621057884319,302.1191224422372,385.8429833461947
pBqGOb2vYq_000402_1568900000,pBqGOb2vYq,pBqGOb2vYq_000402,pBqGOb2vYq_000402,1568900000,crucial,2.6642498900629716,-3.2620811462402344,3.3399483493204483,684.5134640511774,78.58601038426175,605.9274536669157
qoohcdtLDH_003319_5597800000,qoohcdtLDH,qoohcdtLDH_003319,qoohcdtLDH_003319,5597800000,crucial,1.478979866136833,59.999996185302734,1.7171319262360838,683.4051490077775,100.07322131056331,583.3319276972142
DGqicHUGWb_000024_3150000000,DGqicHUGWb,DGqicHUGWb_000024,DGqicHUGWb_000024,3150000000,crucial,1.8659255428807984,-7.627918720245361,2.2601751009336906,681.0680684666243,98.29254877499784,582.7755196916264
DGqicHUGWb_000398_3209700000,DGqicHUGWb,DGqicHUGWb_000398,DGqicHUGWb_000398,3209700000,crucial,1.5630598206706328,-59.999996185302734,1.5136622525324568,677.805928680992,22.330544660267986,655.475384020724
qoohcdtLDH_002110_5564800000,qoohcdtLDH,qoohcdtLDH_002110,qoohcdtLDH_002110,5564800000,crucial,1.9335343249016144,-6.7724480628967285,2.415576409031451,677.6191297906779,108.248633258134,569.3704965325439
qoohcdtLDH_001707_5595900000,qoohcdtLDH,qoohcdtLDH_001707,qoohcdtLDH_001707,5595900000,crucial,2.2185198194019904,-4.587299346923828,2.001290079354133,676.8769011394517,51.36788333885222,625.5090178005994
DGqicHUGWb_000024_3109600000,DGqicHUGWb,DGqicHUGWb_000024,DGqicHUGWb_000024,3109600000,small,4.464600027878964,-2.184208631515503,4.597813902105117,674.1912929110315,6.636047879955038,667.5552450310764
DGqicHUGWb_000000_3095100000,DGqicHUGWb,DGqicHUGWb_000000,DGqicHUGWb_000000,3095100000,crucial,1.3341357509228862,9.477535247802734,1.3483148510545768,673.0545056799757,8.517447217446378,664.5370584625293
qoohcdtLDH_001426_5566400000,qoohcdtLDH,qoohcdtLDH_001426,qoohcdtLDH_001426,5566400000,large,6.904280739169017,-1.8475264310836792,5.568373309229413,673.0207196355744,35.32096476353257,637.6997548720419
qoohcdtLDH_001707_5596500000,qoohcdtLDH,qoohcdtLDH_001707,qoohcdtLDH_001707,5596500000,crucial,1.4558100943838483,25.58478355407715,1.6756231283633185,672.4714860451893,96.29098326116949,576.1805027840198
DGqicHUGWb_000664_3261600000,DGqicHUGWb,DGqicHUGWb_000664,DGqicHUGWb_000664,3261600000,crucial,1.842340791851435,-9.013639450073242,2.868140943547811,668.4064822939927,203.19331110297614,465.2131711910165
DGqicHUGWb_000024_3111800000,DGqicHUGWb,DGqicHUGWb_000024,DGqicHUGWb_000024,3111800000,crucial,2.896282709493999,-3.1069045066833496,3.2878275442805007,668.1640775623563,42.49797471239776,625.6661028499585
DGqicHUGWb_000522_3253700000,DGqicHUGWb,DGqicHUGWb_000522,DGqicHUGWb_000522,3253700000,crucial,2.289755069498449,-4.470310211181641,3.9311075200392964,667.7843595153288,188.8789135241715,478.9054459911573
qoohcdtLDH_003726_5577200000,qoohcdtLDH,qoohcdtLDH_003726,qoohcdtLDH_003726,5577200000,crucial,2.103257751090563,-5.526087284088135,2.7675579602878915,666.4692462557151,119.10825508547079,547.3609911702443
DGqicHUGWb_000063_3126900000,DGqicHUGWb,DGqicHUGWb_000063,DGqicHUGWb_000063,3126900000,crucial,1.3912607288640633,12.63507080078125,3.8438846484725335,666.4532040837654,482.31550917155334,184.13769491221205
DGqicHUGWb_000522_3252500000,DGqicHUGWb,DGqicHUGWb_000522,DGqicHUGWb_000522,3252500000,small,3.3761136888793795,-2.685365915298462,3.631669454385992,666.2963549800974,21.45627887675649,644.8400761033408
qoohcdtLDH_001426_5576200000,qoohcdtLDH,qoohcdtLDH_001426,qoohcdtLDH_001426,5576200000,crucial,1.3696460333288722,10.72413444519043,1.9484197955672486,664.4567927945054,231.26615633228542,433.19063646222
qoohcdtLDH_001707_5596000000,qoohcdtLDH,qoohcdtLDH_001707,qoohcdtLDH_001707,5596000000,crucial,2.0586278387230825,-6.038136959075928,1.8250391651841442,662.2127273959866,65.5617513254042,596.6509760705824
qoohcdtLDH_001426_5566200000,qoohcdtLDH,qoohcdtLDH_001426,qoohcdtLDH_001426,5566200000,large,7.106699006418051,1.295106053352356,4.9189015183619045,661.8648835597107,63.680667139338254,598.1842164203724
qoohcdtLDH_001707_5596300000,qoohcdtLDH,qoohcdtLDH_001707,qoohcdtLDH_001707,5596300000,crucial,1.6315222851655438,-35.56150436401367,1.6371096040447402,660.5938104223645,2.2281991057000736,658.3656113166644
DGqicHUGWb_000135_3176100000,DGqicHUGWb,DGqicHUGWb_000135,DGqicHUGWb_000135,3176100000,crucial,1.6935277547094412,-19.241455078125,1.8570638058019893,660.4716370322608,55.109922788048465,605.3617142442123
pBqGOb2vYq_003137_1619700000,pBqGOb2vYq,pBqGOb2vYq_003137,pBqGOb2vYq_003137,1619700000,small,4.328585692761413,-2.3040170669555664,6.138421616742813,658.6023896272625,69.48285884806727,589.1195307791952
qoohcdtLDH_001784_5566300000,qoohcdtLDH,qoohcdtLDH_001784,qoohcdtLDH_001784,5566300000,crucial,1.6205181722764321,-53.841270446777344,1.944311851147828,655.5036658252931,108.92895033029801,546.5747154949951
DGqicHUGWb_000398_3208900000,DGqicHUGWb,DGqicHUGWb_000398,DGqicHUGWb_000398,3208900000,crucial,2.382662993971485,-4.366002559661865,2.5253451267884945,655.2190814788097,24.72123309560051,630.4978483832092
qoohcdtLDH_001707_5577400000,qoohcdtLDH,qoohcdtLDH_001707,qoohcdtLDH_001707,5577400000,small,3.836269164268368,-2.5266013145446777,3.722409580391073,652.2844757786835,8.190022809309133,644.0944529693744
DGqicHUGWb_000522_3245700000,DGqicHUGWb,DGqicHUGWb_000522,DGqicHUGWb_000522,3245700000,large,9.111203769394436,1.3631231784820557,5.17027582873619,651.54981304352,84.94645384992607,566.6033591935939
pBqGOb2vYq_007997_1761600000,pBqGOb2vYq,pBqGOb2vYq_007997,pBqGOb2vYq_007997,1761600000,crucial,1.4558948312966236,16.37382698059082,2.226596080063304,650.3305383325971,252.07706581134033,398.2534725212568
qoohcdtLDH_000866_5414600000,qoohcdtLDH,qoohcdtLDH_000866,qoohcdtLDH_000866,5414600000,crucial,1.2214220839402756,4.89901065826416,3.9750793056377676,647.9473033847815,599.3965434026993,48.55075998208224
pBqGOb2vYq_003137_1619600000,pBqGOb2vYq,pBqGOb2vYq_003137,pBqGOb2vYq_003137,1619600000,small,4.479552904393223,-2.324892997741699,5.467787369197386,646.8998403434983,41.183571326157065,605.7162690173412
pBqGOb2vYq_007997_1761500000,pBqGOb2vYq,pBqGOb2vYq_007997,pBqGOb2vYq_007997,1761500000,crucial,1.5596764519091684,59.999996185302734,1.9585822166704527,645.955370412717,138.5668956117341,507.38847480098286
DGqicHUGWb_000681_3269700000,DGqicHUGWb,DGqicHUGWb_000681,DGqicHUGWb_000681,3269700000,crucial,1.5603747370074412,59.999996185302734,1.5677136715056261,645.6487926824346,3.2050318974137513,642.4437607850209
pBqGOb2vYq_002464_1624300000,pBqGOb2vYq,pBqGOb2vYq_002464,pBqGOb2vYq_002464,1624300000,crucial,1.7120261570310877,-23.97758102416992,1.7156304780438039,643.4757564199818,1.3031647627546188,642.1725916572273
qoohcdtLDH_000014_5411900000,qoohcdtLDH,qoohcdtLDH_000014,qoohcdtLDH_000014,5411900000,crucial,1.4992312673742332,21.269121170043945,2.68367991512283,643.1675799810873,310.5524829707465,332.61509701034083
DGqicHUGWb_000024_3111300000,DGqicHUGWb,DGqicHUGWb_000024,DGqicHUGWb_000024,3111300000,small,3.2101829272781193,-3.0417213439941406,3.4953323662223275,639.9364037923206,26.1956485044031,613.7407552879174
pBqGOb2vYq_004006_1616600000,pBqGOb2vYq,pBqGOb2vYq_004006,pBqGOb2vYq_004006,1616600000,crucial,1.27030535535077,5.506925582885742,1.812328404804232,636.6675681241555,252.3426112262754,384.32495689788016
DGqicHUGWb_000664_3261500000,DGqicHUGWb,DGqicHUGWb_000664,DGqicHUGWb_000664,3261500000,crucial,1.9395005934029013,-9.660272598266602,3.289271964118018,632.3485877930129,220.6280925031768,411.72049528983615
pBqGOb2vYq_003581_1624900000,pBqGOb2vYq,pBqGOb2vYq_003581,pBqGOb2vYq_003581,1624900000,crucial,2.4551741084933782,-4.579117774963379,2.6180650275685564,631.8625105168246,26.382770858757315,605.4797396580673
DGqicHUGWb_000063_3126400000,DGqicHUGWb,DGqicHUGWb_000063,DGqicHUGWb_000063,3126400000,crucial,1.864841522087756,-12.473432540893556,2.4139312464287364,631.0025122712952,128.06452804841697,502.9379842228783
pBqGOb2vYq_003569_1622900000,pBqGOb2vYq,pBqGOb2vYq_003569,pBqGOb2vYq_003569,1622900000,small,4.323364364001277,-2.4698266983032227,3.9718647119341544,630.923125666661,20.976224109033012,609.946901557628
pBqGOb2vYq_000697_1564200000,pBqGOb2vYq,pBqGOb2vYq_000697,pBqGOb2vYq_000697,1564200000,crucial,1.6785023106800543,-59.999996185302734,1.617777755636813,630.907006354901,23.807683169698375,607.0993231852026
DGqicHUGWb_000679_3279300000,DGqicHUGWb,DGqicHUGWb_000679,DGqicHUGWb_000679,3279300000,large,8.393684903492831,-1.9081454277038572,4.062137649332397,630.6508897039137,129.40403908547034,501.2468506184433
DGqicHUGWb_000063_3126800000,DGqicHUGWb,DGqicHUGWb_000063,DGqicHUGWb_000063,3126800000,crucial,1.4668538593680784,13.025041580200195,3.7678161105687136,629.0108702125398,437.09096676497904,191.91990344756073
DGqicHUGWb_000769_3302500000,DGqicHUGWb,DGqicHUGWb_000769,DGqicHUGWb_000769,3302500000,small,5.899121597834769,-2.146115064620972,5.289973698650878,626.3982562956392,19.876438194944523,606.5218181006946
DGqicHUGWb_000769_3304200000,DGqicHUGWb,DGqicHUGWb_000769,DGqicHUGWb_000769,3304200000,small,4.064840924250808,-2.6232855319976807,18.204849915501974,623.2039046006531,194.006909683251,429.1969949174021
DGqicHUGWb_000679_3279500000,DGqicHUGWb,DGqicHUGWb_000679,DGqicHUGWb_000679,3279500000,large,8.49086601340871,-1.9352591037750244,4.825300823847139,622.2917742377687,90.9459022806076,531.3458719571611
qoohcdtLDH_001707_5474200000,qoohcdtLDH,qoohcdtLDH_001707,qoohcdtLDH_001707,5474200000,negative,-8.195633158823059,2.051042079925537,-6.983026344375489,621.1214596224644,20.910895500456437,600.2105641220079
pBqGOb2vYq_001116_1557000000,pBqGOb2vYq,pBqGOb2vYq_001116,pBqGOb2vYq_001116,1557000000,crucial,1.905382238747824,-12.159560203552246,6.5453287428832185,621.0065171217892,385.14319051800953,235.86332660377968
pBqGOb2vYq_000402_1569000000,pBqGOb2vYq,pBqGOb2vYq_000402,pBqGOb2vYq_000402,1569000000,crucial,2.5653488282472305,-4.441037178039551,4.221100185881458,620.2864629066546,157.85516335476646,462.4312995518882
DGqicHUGWb_000681_3269500000,DGqicHUGWb,DGqicHUGWb_000681,DGqicHUGWb_000681,3269500000,crucial,1.7540456280580177,-33.437747955322266,1.392136438003161,616.8689359923004,158.4184634676057,458.4504725246947
pBqGOb2vYq_002438_1579600000,pBqGOb2vYq,pBqGOb2vYq_002438,pBqGOb2vYq_002438,1579600000,crucial,1.5985529234422433,34.363521575927734,4.137952993119405,616.8456730106327,401.355316381091,215.49035662954174
pBqGOb2vYq_001065_1553500000,pBqGOb2vYq,pBqGOb2vYq_001065,pBqGOb2vYq_001065,1553500000,crucial,2.162393582239986,-7.256573677062988,2.427707956422911,610.3502589387529,52.849959865766195,557.5002990729866
qoohcdtLDH_000012_5464200000,qoohcdtLDH,qoohcdtLDH_000012,qoohcdtLDH_000012,5464200000,crucial,2.350379039253969,-5.677584648132324,3.957785811640296,609.3775464327234,178.86609079093233,430.5114556417911
DGqicHUGWb_000664_3258200000,DGqicHUGWb,DGqicHUGWb_000664,DGqicHUGWb_000664,3258200000,small,5.1591205233553215,-2.369985580444336,6.703745541576236,609.0190699557811,45.440532877252004,563.578537078529
DGqicHUGWb_000769_3305500000,DGqicHUGWb,DGqicHUGWb_000769,DGqicHUGWb_000769,3305500000,crucial,2.6324017355284144,-4.474967956542969,7.166848819947948,608.289853941199,246.77088083561102,361.518973105588
DGqicHUGWb_000522_3247800000,DGqicHUGWb,DGqicHUGWb_000522,DGqicHUGWb_000522,3247800000,large,7.424136628103949,-2.068690538406372,7.40728670681846,607.6884732050231,0.31059111565298614,607.3778820893701
DGqicHUGWb_000000_3095000000,DGqicHUGWb,DGqicHUGWb_000000,DGqicHUGWb_000000,3095000000,crucial,1.445854134823672,9.121288299560549,1.7076935972506633,606.4748357377343,113.28304785698899,493.1917878807453
pBqGOb2vYq_001005_1550900000,pBqGOb2vYq,pBqGOb2vYq_001005,pBqGOb2vYq_001005,1550900000,crucial,1.834511179917716,-21.926136016845703,14.417294151128651,606.0282435873523,490.9214508730587,115.10679271429365
pBqGOb2vYq_000006_1655400000,pBqGOb2vYq,pBqGOb2vYq_000006,pBqGOb2vYq_000006,1655400000,crucial,2.0724580169513653,-9.007161140441895,2.1302135101134008,604.9596063070071,13.736120229349558,591.2234860776575
