query_id,sequence_id,truth_ttc_seconds,prediction_ttc_seconds,absolute_error_seconds,height_0,height_1,height_difference,native_fp32_denominator,diagnostic_fp64_denominator_same_stored_heights,native_fp32_ttc_reconstructed,fraction_total_absolute_error,fraction_total_squared_error,fragment_sha256
CCRm-low-0-overlap-0:110,CCRm-low-0-overlap-0,1.8133497808000012,335544.3125,335542.4991502192,112.66834259033203,112.66837310791016,3.0517578125e-05,2.980232238769531e-07,2.708619756264241e-07,335544.3125,0.9753718503019739,0.9999787839063833,eed8cbba401f1921ac70d4e0f1e375b19b960351db9c2757b1095a60f2296e5b
CCRs-1-low-100-overlap-100:94,CCRs-1-low-100-overlap-100,1.0456914566,-1169.9593505859375,1171.0050420425375,104.06805419921875,104.05916595458984,-0.00888824462890625,-8.547306060791016e-05,-8.541529760841549e-05,-1169.9593505859375,0.003403936483344347,1.2179045310253479e-05,a41c2e38fb8133b25ac07f63da085bd15dccaccfcb22f94bfc1c8f0fbede5c16
CCRs-1-medium-100-overlap-100:37,CCRs-1-medium-100-overlap-100,4.9982792409,-840.5418701171875,845.5401493580875,80.61866760253906,80.60907745361328,-0.00959014892578125,-0.00011897087097167969,-0.00011897107904879078,-840.5418701171875,0.0024578587275014235,6.3498605056994884e-06,21c23882e1076cd1ed78d0957b36e8448c1bc7afb8ab2658f5c12beb0d8165d2
CPNAO-low:20,CPNAO-low,3.1549849431999992,-396.62451171875,399.77949666195,110.06300354003906,110.03526306152344,-0.027740478515625,-0.00025212764739990234,-0.00025210535008324264,-396.62451171875,0.0011620991926789828,1.4195044222628664e-06,c76f83dd43d345b50b320c7d1a6a2010dad28a261d07a8f04aa26d384de71084
CCRs-1-medium-100-overlap-100:14,CCRs-1-medium-100-overlap-100,6.009441704500001,-181.96546936035156,187.97491106485157,74.2569808959961,74.21619415283203,-0.0407867431640625,-0.0005495548248291016,-0.0005495666226169593,-181.96546936035156,0.0005464149467802326,3.1383074817358253e-07,2f6ccb2d814040e44faa28f1e80c7b70513e375db904baa346b4f42a023390a3
CCRm-medium-50-overlap-50:02,CCRm-medium-50-overlap-50,15.836664823199998,167.5878143310547,151.75114950785468,97.80204772949219,97.86044311523438,0.0583953857421875,0.0005967020988464355,0.0005967210435928738,167.5878143310547,0.0004411178907464217,2.0453126064487872e-07,5a290c8e9888d02c536907e573578add021879a6a33bd97518fc6f83a472c7c6
CCRm-medium-0-overlap-0:31,CCRm-medium-0-overlap-0,17.2981181537,-82.14461517333984,99.44273332703985,100.724853515625,100.60238647460938,-0.122467041015625,-0.0012173652648925781,-0.0012173373347015293,-82.14461517333984,0.00028906514986901105,8.782978550748407e-08,7a1680e1f8a28bc7e1d20aa9e2bc4b2cd8db788939a65fc93d6e67741866621c
CCRs-1-medium-100-overlap-100:06,CCRs-1-medium-100-overlap-100,6.4026586628,-85.15489196777344,91.55755063057345,72.96411895751953,72.87853240966797,-0.0855865478515625,-0.001174330711364746,-0.0011743725487014522,-85.15489196777344,0.0002661441033366063,7.44533164509028e-08,ad28fb3428055f2526ba29ed3a3130f07e0a9765b624cc8ad8d6ba1d2bdbcc5a
CCRs-1-medium-100-overlap-100:33,CCRs-1-medium-100-overlap-100,5.1685904028,-74.18951416015625,79.35810456295624,97.9230728149414,97.791259765625,-0.13181304931640625,-0.0013478994369506836,-0.001347902150277136,-74.18951416015625,0.0002306821385668206,5.593431048006699e-08,703751e39775d9bf7b7f5ae1037b6de7ce84d289c5ffccdabcc506d564a01e9e
CPNA-low:56,CPNA-low,4.111435193400001,77.52156066894531,73.41012547554531,114.4793472290039,114.62721252441406,0.14786529541015625,0.001289963722229004,0.0012899667727561681,77.52156066894531,0.0002133922531343104,4.786385221475372e-08,f873796bff2693909195c338f4e3f553f41e58b229a7d40352a4b0147db6033e
