first,second,status,metric,first_minus_second,ci95_lower,ci95_upper,draws
H8_seed7,H8_seed13,AVAILABLE,micro_rte_percent,2.7897072222348207,2.36079225320281,3.1977839650075772,10000
H8_seed7,H8_seed13,AVAILABLE,micro_mae_seconds,0.1803645586928333,0.12713660257779602,0.2809004694057462,10000
H8_seed7,H8_seed13,AVAILABLE,micro_rmse_seconds,0.3299091251071138,0.2493890718871179,0.4447185716747022,10000
H8_seed7,H8_seed13,AVAILABLE,macro_sequence_rte_percent,2.7922667516504944,2.36079225320281,3.1977839650075808,10000
H8_seed7,H8_seed13,AVAILABLE,macro_sequence_mae_seconds,0.179813696370543,0.1271366025777958,0.2809004694057462,10000
H8_seed7,H8_seed13,AVAILABLE,macro_sequence_rmse_seconds,0.32077686719422305,0.2493890718871179,0.4447185716747022,10000
H8_seed7,H8_seed23,AVAILABLE,micro_rte_percent,2.714041693769232,2.17425044650955,3.457236177093783,10000
H8_seed7,H8_seed23,AVAILABLE,micro_mae_seconds,0.20850479173012482,0.09325036713722556,0.37669537577057,10000
H8_seed7,H8_seed23,AVAILABLE,micro_rmse_seconds,0.4786702973348391,0.23784016935694074,0.7307526983075805,10000
H8_seed7,H8_seed23,AVAILABLE,macro_sequence_rte_percent,2.7071006618784708,2.1742504465095465,3.457236177093783,10000
H8_seed7,H8_seed23,AVAILABLE,macro_sequence_mae_seconds,0.20706936469908976,0.09325036713722534,0.37669537577057,10000
H8_seed7,H8_seed23,AVAILABLE,macro_sequence_rmse_seconds,0.426783928909654,0.2378401693569412,0.7307526983075796,10000
H8_seed7,public_Garl_event_lhr,AVAILABLE,micro_rte_percent,3.3089929863554595,-3.3410244419476243,9.09476188611303,10000
H8_seed7,public_Garl_event_lhr,AVAILABLE,micro_mae_seconds,-0.3684473641155528,-0.8432719665906592,-0.027536934737573793,10000
H8_seed7,public_Garl_event_lhr,AVAILABLE,micro_rmse_seconds,-1.4836688731779883,-2.4991626260928372,-0.5011980340557853,10000
H8_seed7,public_Garl_event_lhr,AVAILABLE,macro_sequence_rte_percent,3.389841310721767,-3.3410244419476243,9.094761886113027,10000
H8_seed7,public_Garl_event_lhr,AVAILABLE,macro_sequence_mae_seconds,-0.3640904174732156,-0.8432719665906592,-0.027536934737573793,10000
H8_seed7,public_Garl_event_lhr,AVAILABLE,macro_sequence_rmse_seconds,-1.1968757490272277,-2.4991626260928363,-0.5011980340557853,10000
H8_seed13,H8_seed23,AVAILABLE,micro_rte_percent,-0.0756655284655885,-0.6439735902315462,0.25945221208620595,10000
H8_seed13,H8_seed23,AVAILABLE,micro_mae_seconds,0.028140233037291518,-0.033886235440570456,0.0957949063648238,10000
H8_seed13,H8_seed23,AVAILABLE,micro_rmse_seconds,0.14876117222772534,-0.011548902530177152,0.2860341266328783,10000
H8_seed13,H8_seed23,AVAILABLE,macro_sequence_rte_percent,-0.08516608977202367,-0.6439735902315462,0.2594522120862024,10000
H8_seed13,H8_seed23,AVAILABLE,macro_sequence_mae_seconds,0.027255668328546756,-0.033886235440570456,0.0957949063648238,10000
H8_seed13,H8_seed23,AVAILABLE,macro_sequence_rmse_seconds,0.10600706171543095,-0.011548902530176708,0.2860341266328774,10000
H8_seed13,public_Garl_event_lhr,AVAILABLE,micro_rte_percent,0.5192857641206388,-6.5388084069552015,6.276537849371934,10000
H8_seed13,public_Garl_event_lhr,AVAILABLE,micro_mae_seconds,-0.5488119228083861,-1.1241724359964054,-0.1546735373153698,10000
H8_seed13,public_Garl_event_lhr,AVAILABLE,micro_rmse_seconds,-1.8135779982851021,-2.9438811977675394,-0.7505871059429032,10000
H8_seed13,public_Garl_event_lhr,AVAILABLE,macro_sequence_rte_percent,0.5975745590712727,-6.538808406955205,6.276537849371934,10000
H8_seed13,public_Garl_event_lhr,AVAILABLE,macro_sequence_mae_seconds,-0.5439041138437586,-1.1241724359964054,-0.1546735373153696,10000
H8_seed13,public_Garl_event_lhr,AVAILABLE,macro_sequence_rmse_seconds,-1.5176526162214508,-2.9438811977675385,-0.7505871059429032,10000
H8_seed23,public_Garl_event_lhr,AVAILABLE,micro_rte_percent,0.5949512925862273,-6.798260619041407,6.92051143960348,10000
H8_seed23,public_Garl_event_lhr,AVAILABLE,micro_mae_seconds,-0.5769521558456776,-1.2199673423612292,-0.12078730187479936,10000
H8_seed23,public_Garl_event_lhr,AVAILABLE,micro_rmse_seconds,-1.9623391705128275,-3.2299153244004177,-0.7390382034127261,10000
H8_seed23,public_Garl_event_lhr,AVAILABLE,macro_sequence_rte_percent,0.6827406488432963,-6.798260619041407,6.92051143960348,10000
H8_seed23,public_Garl_event_lhr,AVAILABLE,macro_sequence_mae_seconds,-0.5711597821723053,-1.2199673423612292,-0.12078730187479914,10000
H8_seed23,public_Garl_event_lhr,AVAILABLE,macro_sequence_rmse_seconds,-1.6236596779368817,-3.229915324400416,-0.7390382034127265,10000
