sequence_id,n,H8_seed7,H8_seed13,H8_seed23,Garl_E,Garl_ER
CCRm-low-0-overlap-0,32,0.5779693271068982,0.5759172452554405,0.5702518312064503,2.7629405474660302,2.7781273159298143
CCRm-low-100-overlap-100,26,1.235862846381259,1.2113857081372825,1.1659651623392011,1.5459541881820333,2.860936911646114
CCRm-low-50-overlap-50,30,0.8019790177470187,0.8484404807215671,0.7418486282155653,1.2615985126856026,1.5442514163617034
CCRm-medium-0-overlap-0,26,2.122191069398134,2.078315482870089,1.944158894380735,2.5248621544219785,3.0299500555748873
CCRm-medium-100-overlap-100,28,1.7167436305500847,1.6782844785668236,1.5705894950844628,3.9348940075432153,1.5566573880639258
CCRm-medium-50-overlap-50,31,1.7952576083132814,1.7493652850104875,1.6463240976867655,5.381783353162089,2.1624465093703784
CCRs-1-high-0-overlap-0,30,0.6941117890000695,0.7095866806626672,0.7448121872862532,1.9664553536068532,0.5810846338441735
CCRs-1-high-100-overlap-100,30,0.8249862083581956,0.8020646262951564,0.8001342265593878,1.606637037234529,0.8213266382085271
CCRs-1-high-50-overlap-50,30,0.8361637527079033,0.8669597055800267,0.948408592804222,2.5200736891592967,0.5239004309360986
CCRs-1-low-0-overlap-0,26,0.41296223336328014,0.39551009194843884,0.3866882537727908,0.6061739956676763,0.5697475658854115
CCRs-1-low-100-overlap-100,31,4.80621668374203,4.806740887556038,6.349331674889865,7.971134743414302,4.753720985214234
CCRs-1-low-50-overlap-50,32,0.3336618305945137,0.29378115167789814,0.307566628395607,0.4425967430902482,0.3334414927552019
CCRs-1-medium-0-overlap-0,28,0.48355825743428843,0.46423299272126,0.48335128068268274,0.7654049362102795,0.3092145612080289
CCRs-1-medium-100-overlap-100,30,2.324977899480986,3.012113150844105,3.4582659419090507,3.4475553554059863,12.75516500181423
CCRs-1-medium-50-overlap-50,31,0.35884877050822156,0.3272498288362828,0.3302276281446556,0.6775081094426975,0.1459880354814366
CCRs-2-high-100-overlap-100,30,0.7053238912358741,0.6891827348803342,0.754275356314632,1.3057029276885737,0.44842858804440505
CCRs-2-low-100-overlap-100,32,0.8882396215618231,0.7558015579403021,0.728010638994036,6.037933608561865,1.1444307711349644
CCRs-2-medium-100-overlap-100,30,0.4547440011447668,0.4429398251890291,0.4566030336736787,1.4926748065534772,0.4278438794011549
CCRs-3-low-100-overlap-100,25,0.5335360079542607,0.436652653767249,0.45868934924759563,0.7006049433481913,0.644689886946563
CCRs-3-medium-100-overlap-100,31,0.45568676786398193,0.43925184047716515,0.43727635796718295,0.9975133425717991,0.2596632654455975
CCRs-side-high,32,0.8883147312955075,0.7959568662287451,0.8320378361896688,153.32015406732899,0.4422528862935582
CCRs-side-low,32,1.3079897070241209,1.2422335668539368,1.2959667253697889,0.9337664674393611,1.1118833460664823
CCRs-side-medium,32,1.885897830016325,1.8197220115730266,1.802200931943367,1.4416061283224302,1.376178740572446
CPLA-high,30,1.5121416477550715,1.4818345415780594,1.4483060308485876,3.3577758820185353,1.930817996282344
CPLA-low,31,1.514548837672715,1.616495064684857,1.7762680875826389,1.586200125849334,0.5739605321965701
CPLA-medium,30,1.5187681253134853,1.516727504668598,1.5514962608992702,2.250837329539186,1.5539478386946028
CPNA-high,30,1.5594769234294306,1.4361585835186774,1.5161431347166112,9.122355294917636,2.7237627337074084
CPNA-low,24,1.4592125187090659,1.4494853470039468,1.4338475099728558,8.409330698894586,1.5356732609301502
CPNA-medium,26,1.522155322369485,1.4301726184269659,1.496742318117858,2.658056647207464,2.3166167285637314
CPNAO-high,28,3.267341393598302,4.314639305582882,3.7712982820015135,9.666622204699953,2.272818228070359
CPNAO-low,31,1.784825122191831,1.992423785337327,1.9489983484227802,3.6701564851615367,3.868864561423389
CPNAO-medium,31,1.7114808498065732,1.668573488745231,1.8361861336791165,1.4314800599809085,2.4626488355073652
