sequence_id,n,H8_seed7,H8_seed13,H8_seed23,Garl_E,Garl_ER,H8_mean_loss,family
CCRm-low-0-overlap-0,32,0.5779693271068982,0.5759172452554405,0.5702518312064503,2.7629405474660302,2.7781273159298143,0.5747128011895963,CCRm
CCRm-low-100-overlap-100,26,1.235862846381259,1.2113857081372823,1.1659651623392011,1.5459541881820331,2.860936911646114,1.2044045722859142,CCRm
CCRm-low-50-overlap-50,30,0.8019790177470187,0.8484404807215671,0.7418486282155653,1.2615985126856026,1.5442514163617034,0.7974227088947171,CCRm
CCRm-medium-0-overlap-0,26,2.122191069398134,2.078315482870089,1.944158894380735,2.5248621544219785,3.0299500555748877,2.0482218155496525,CCRm
CCRm-medium-100-overlap-100,28,1.7167436305500847,1.6782844785668236,1.5705894950844628,3.9348940075432153,1.5566573880639258,1.6552058680671238,CCRm
CCRm-medium-50-overlap-50,31,1.7952576083132814,1.7493652850104875,1.6463240976867657,5.381783353162089,2.1624465093703784,1.7303156636701782,CCRm
CCRs-1-high-0-overlap-0,30,0.6941117890000695,0.7095866806626672,0.7448121872862532,1.9664553536068528,0.5810846338441735,0.7161702189829966,CCRs-1
CCRs-1-high-100-overlap-100,30,0.8249862083581956,0.8020646262951564,0.8001342265593878,1.606637037234529,0.8213266382085271,0.8090616870709132,CCRs-1
CCRs-1-high-50-overlap-50,30,0.8361637527079033,0.8669597055800267,0.948408592804222,2.5200736891592967,0.5239004309360986,0.8838440170307172,CCRs-1
CCRs-1-low-0-overlap-0,26,0.4129622333632801,0.3955100919484388,0.3866882537727908,0.6061739956676763,0.5697475658854115,0.39838685969483656,CCRs-1
CCRs-1-low-100-overlap-100,31,4.80621668374203,4.806740887556038,6.349331674889865,7.971134743414302,4.753720985214234,5.320763082062644,CCRs-1
CCRs-1-low-50-overlap-50,32,0.3336618305945137,0.2937811516778981,0.307566628395607,0.4425967430902482,0.3334414927552019,0.31166987022267295,CCRs-1
CCRs-1-medium-0-overlap-0,28,0.4835582574342884,0.46423299272126,0.4833512806826827,0.7654049362102795,0.3092145612080289,0.47704751027941034,CCRs-1
CCRs-1-medium-100-overlap-100,30,2.324977899480986,3.012113150844105,3.4582659419090507,3.4475553554059863,12.75516500181423,2.9317856640780473,CCRs-1
CCRs-1-medium-50-overlap-50,31,0.3588487705082215,0.3272498288362828,0.3302276281446556,0.6775081094426975,0.1459880354814366,0.3387754091630533,CCRs-1
CCRs-2-high-100-overlap-100,30,0.7053238912358741,0.6891827348803342,0.754275356314632,1.3057029276885737,0.448428588044405,0.7162606608102801,CCRs-2
CCRs-2-low-100-overlap-100,32,0.8882396215618231,0.7558015579403021,0.728010638994036,6.037933608561865,1.1444307711349644,0.7906839394987205,CCRs-2
CCRs-2-medium-100-overlap-100,30,0.4547440011447668,0.4429398251890291,0.4566030336736787,1.4926748065534772,0.4278438794011549,0.4514289533358249,CCRs-2
CCRs-3-low-100-overlap-100,25,0.5335360079542607,0.436652653767249,0.4586893492475956,0.7006049433481913,0.644689886946563,0.47629267032303507,CCRs-3
CCRs-3-medium-100-overlap-100,31,0.4556867678639819,0.4392518404771651,0.4372763579671829,0.9975133425717992,0.2596632654455975,0.44407165543610994,CCRs-3
CCRs-side-high,32,0.8883147312955075,0.7959568662287451,0.8320378361896688,153.320154067329,0.4422528862935582,0.8387698112379738,CCRs-side
CCRs-side-low,32,1.3079897070241209,1.2422335668539368,1.2959667253697889,0.9337664674393612,1.1118833460664823,1.2820633330826157,CCRs-side
CCRs-side-medium,32,1.885897830016325,1.8197220115730264,1.802200931943367,1.4416061283224302,1.376178740572446,1.8359402578442394,CCRs-side
CPLA-high,30,1.5121416477550715,1.4818345415780594,1.4483060308485876,3.3577758820185357,1.930817996282344,1.480760740060573,CPLA
CPLA-low,31,1.514548837672715,1.616495064684857,1.7762680875826389,1.586200125849334,0.5739605321965701,1.6357706633134035,CPLA
CPLA-medium,30,1.5187681253134853,1.516727504668598,1.5514962608992702,2.250837329539186,1.5539478386946028,1.5289972969604513,CPLA
CPNA-high,30,1.5594769234294306,1.4361585835186774,1.5161431347166112,9.122355294917636,2.7237627337074084,1.5039262138882397,CPNA
CPNA-low,24,1.459212518709066,1.4494853470039468,1.4338475099728558,8.409330698894586,1.5356732609301502,1.447515125228623,CPNA
CPNA-medium,26,1.522155322369485,1.430172618426966,1.496742318117858,2.658056647207464,2.316616728563732,1.4830234196381031,CPNA
CPNAO-high,28,3.267341393598302,4.314639305582882,3.7712982820015135,9.666622204699951,2.272818228070359,3.784426327060899,CPNAO
CPNAO-low,31,1.784825122191831,1.992423785337327,1.94899834842278,3.6701564851615367,3.868864561423389,1.9087490853173126,CPNAO
CPNAO-medium,31,1.7114808498065732,1.668573488745231,1.8361861336791163,1.4314800599809083,2.462648835507365,1.7387468240769735,CPNAO
