variant,ordinal,sample_token,sequence,truth_ttc,ttc,cpu_ms,producer_ms,total_ms,computed,reused,input_ingest_ms,input_cold_refill,packet_ring_bytes,seeds_ttc,history,valid_observations,reset,source_anchors,max_time_approximation_us,min_source_roi_iou,head_and_commit_ms,prep_lookup_warp_ms,prep_read_ms,prep_crop_map_ms,prep_encode_cache_ms,prep_stack_ms,observations_encoded,unique_windows,voxel_misses,voxel_hits,approximate_voxel_hits,retained_voxel_bytes,retained_raw_bytes
garl_event,0,2Y46OkK3ff_000001_1564300000,2Y46OkK3ff,7.408306406514889,5.562829494476318,75.30150003731251,184.3648999929428,259.6664000302553,1,0,42.20460000215098,True,68405805,,,,,,,,,,,,,,,,,,,,
h8_warp_student,0,2Y46OkK3ff_000001_1564300000,2Y46OkK3ff,7.408306406514889,7.011889934539795,322.3131999839097,325.02470002509654,674.3543999618851,8,0,42.20460000215098,True,68405805,"[7.011889934539795, 7.110005855560303, 6.998813152313232]",8.0,8.0,True,"[275098822, 275148822, 275198822, 275248822, 275298822, 275348822, 275398822, 275448822]",0.0,1.0,27.016499952878803,0.060399994254112244,75.14839997747913,29.853500018361956,170.04420002922416,3.2523999689146876,8.0,24.0,24.0,0.0,0.0,16515072.0,0.0
h8_warp_graph_fixed,0,2Y46OkK3ff_000001_1564300000,2Y46OkK3ff,7.408306406514889,7.264443397521973,369.7515000239946,10180.84769998677,12362.294999998994,8,0,42.20460000215098,True,68405805,"[7.101356506347656, 7.488941669464111, 7.264443397521973]",8.0,8.0,True,"[275098822, 275148822, 275198822, 275248822, 275298822, 275348822, 275398822, 275448822]",0.0,1.0,1811.6957999882288,0.0475000124424696,81.95650001289323,42.01680002734065,197.8320999769494,2.7768000145442784,8.0,24.0,24.0,0.0,0.0,16515072.0,0.0
h8_reference,0,2Y46OkK3ff_000001_1564300000,2Y46OkK3ff,7.408306406514889,7.264461040496826,365.2416999684647,62.66910000704229,439.1266999882646,8,0,42.20460000215098,True,68405805,"[7.101363182067871, 7.488949298858643, 7.264461040496826]",8.0,8.0,True,"[275098822, 275148822, 275198822, 275248822, 275298822, 275348822, 275398822, 275448822]",0.0,1.0,11.21590001275763,0.036999990697950125,82.22919999388978,40.55470001185313,193.6419999692589,3.030200023204088,8.0,24.0,24.0,0.0,0.0,16515072.0,0.0
h8_warp,0,2Y46OkK3ff_000001_1564300000,2Y46OkK3ff,7.408306406514889,7.264461040496826,358.32850000588223,54.22340001678094,424.41360000520945,8,0,42.20460000215098,True,68405805,"[7.101363182067871, 7.488949298858643, 7.264461040496826]",8.0,8.0,True,"[275098822, 275148822, 275198822, 275248822, 275298822, 275348822, 275398822, 275448822]",0.0,1.0,11.86169998254627,0.05019997479394078,82.52360002370551,39.612900000065565,187.5867000198923,2.4951999657787383,8.0,24.0,24.0,0.0,0.0,16515072.0,0.0
garl_event_native_input,0,2Y46OkK3ff_000001_1564300000,2Y46OkK3ff,7.408306406514889,5.562829494476318,116.50669999653473,6.313399993814528,122.82009999034926,1,0,42.20460000215098,True,68405805,,,,,,,,,,,,,,,,,,,,
garl_event_graph,0,2Y46OkK3ff_000001_1564300000,2Y46OkK3ff,7.408306406514889,5.562829494476318,58.63040004624054,1331.2986000091769,1389.9290000554174,1,0,42.20460000215098,True,68405805,,,,,,,,,,,,,,,,,,,,
garl_event_native_input,1,2Y46OkK3ff_000001_1584500000,2Y46OkK3ff,-6.815844254128763,-6.368563652038574,73.3845999930054,6.099200050812215,79.48380004381761,1,0,25.922800006810576,True,43603479,,,,,,,,,,,,,,,,,,,,
garl_event_graph,1,2Y46OkK3ff_000001_1584500000,2Y46OkK3ff,-6.815844254128763,-6.368563652038574,44.052100041881204,16.746199980843812,60.798300022725016,1,0,25.922800006810576,True,43603479,,,,,,,,,,,,,,,,,,,,
h8_warp_student,1,2Y46OkK3ff_000001_1584500000,2Y46OkK3ff,-6.815844254128763,-6.430967807769775,165.93439999269322,23.61819997895509,201.00890001049265,8,0,25.922800006810576,True,43603479,"[-6.837582588195801, -6.430967807769775, -6.255527973175049]",8.0,8.0,False,"[295299103, 295349103, 295399103, 295449103, 295499103, 295549103, 295599103, 295649103]",0.0,1.0,11.456300038844347,0.16499997582286596,32.696700014639646,10.58899995405227,92.7580000134185,2.978699980303645,8.0,24.0,24.0,0.0,0.0,16515072.0,0.0
h8_warp_graph_fixed,1,2Y46OkK3ff_000001_1584500000,2Y46OkK3ff,-6.815844254128763,-6.449859142303467,166.12890001852065,54.148699971847236,228.48890000022948,8,0,25.922800006810576,True,43603479,"[-7.268362522125244, -6.449859142303467, -6.41644287109375]",8.0,8.0,False,"[295299103, 295349103, 295399103, 295449103, 295499103, 295549103, 295599103, 295649103]",0.0,1.0,8.211300009861588,0.20619999850168824,32.668399973772466,10.873999970499426,93.07950001675636,2.5473000132478774,8.0,24.0,24.0,0.0,0.0,16515072.0,0.0
h8_warp,1,2Y46OkK3ff_000001_1584500000,2Y46OkK3ff,-6.815844254128763,-6.449856758117676,165.29969999101013,60.29970000963658,237.90069995447993,8,0,25.922800006810576,True,43603479,"[-7.268357753753662, -6.449856758117676, -6.416436195373535]",8.0,8.0,False,"[295299103, 295349103, 295399103, 295449103, 295499103, 295549103, 295599103, 295649103]",0.0,1.0,12.301299953833222,0.1154000055976212,32.85719995619729,10.770499997306615,92.41729998029768,2.3916999925859272,8.0,24.0,24.0,0.0,0.0,16515072.0,0.0
garl_event,1,2Y46OkK3ff_000001_1584500000,2Y46OkK3ff,-6.815844254128763,-6.368563652038574,36.929599998984486,6.227000034414232,43.15660003339872,1,0,25.922800006810576,True,43603479,,,,,,,,,,,,,,,,,,,,
h8_reference,1,2Y46OkK3ff_000001_1584500000,2Y46OkK3ff,-6.815844254128763,-6.449856758117676,166.4325000019744,58.743500034324825,236.37009999947622,8,0,25.922800006810576,True,43603479,"[-7.268357753753662, -6.449856758117676, -6.416436195373535]",8.0,8.0,False,"[295299103, 295349103, 295399103, 295449103, 295499103, 295549103, 295599103, 295649103]",0.0,1.0,11.194099963176996,0.041899969801306725,32.84729999722913,10.645999980624765,93.10579998418689,3.0220000189729035,8.0,24.0,24.0,0.0,0.0,16515072.0,0.0
h8_warp,2,2Y46OkK3ff_000001_1584600000,2Y46OkK3ff,-7.273032204611934,-6.757270336151123,54.67690003570169,54.22669998370111,120.18680002074689,2,6,4.617700004018843,False,51053292,"[-6.757270336151123, -6.922973155975342, -6.730155944824219]",8.0,8.0,False,"[295399103, 295449103, 295499103, 295549103, 295599103, 295649103, 295699104, 295749104]",1.0,0.9495294069294316,11.283200001344085,2.485100005287677,20.982799993362278,7.076799985952675,18.332899955566972,0.6099999882280827,2.0,6.0,4.0,2.0,2.0,16515072.0,0.0
h8_warp_student,2,2Y46OkK3ff_000001_1584600000,2Y46OkK3ff,-7.273032204611934,-6.711176872253418,55.04050001036376,20.663100003730506,86.59730001818389,2,6,4.617700004018843,False,51053292,"[-6.711176872253418, -7.051519870758057, -6.614956855773926]",8.0,8.0,False,"[295399103, 295449103, 295499103, 295549103, 295599103, 295649103, 295699104, 295749104]",1.0,0.9495294069294316,10.893700004089624,2.294300007633865,21.5436999569647,7.11330003105104,17.942800011951476,0.971500005107373,2.0,6.0,4.0,2.0,2.0,16515072.0,0.0
garl_event,2,2Y46OkK3ff_000001_1584600000,2Y46OkK3ff,-7.273032204611934,-16.67848014831543,16.947600001003593,5.984500050544739,22.932100051548332,1,0,4.617700004018843,False,51053292,,,,,,,,,,,,,,,,,,,,
h8_warp_graph_fixed,2,2Y46OkK3ff_000001_1584600000,2Y46OkK3ff,-7.273032204611934,-6.75724983215332,53.36999997962266,15.775500040035695,76.34790003066882,2,6,4.617700004018843,False,51053292,"[-6.75724983215332, -6.9229278564453125, -6.730123996734619]",8.0,8.0,False,"[295399103, 295449103, 295499103, 295549103, 295599103, 295649103, 295699104, 295749104]",1.0,0.9495294069294316,7.202400011010468,2.217700006440282,21.088099980261177,6.726599996909499,17.214099992997944,0.944000028539449,2.0,6.0,4.0,2.0,2.0,16515072.0,0.0
garl_event_graph,2,2Y46OkK3ff_000001_1584600000,2Y46OkK3ff,-7.273032204611934,-16.67848014831543,13.84849997702986,5.3798999870195985,19.22839996404946,1,0,4.617700004018843,False,51053292,,,,,,,,,,,,,,,,,,,,
garl_event_native_input,2,2Y46OkK3ff_000001_1584600000,2Y46OkK3ff,-7.273032204611934,-16.67848014831543,39.7831000154838,6.036899983882904,45.8199999993667,1,0,4.617700004018843,False,51053292,,,,,,,,,,,,,,,,,,,,
h8_reference,2,2Y46OkK3ff_000001_1584600000,2Y46OkK3ff,-7.273032204611934,-6.831767559051514,150.71910002734512,63.27619997318834,226.8163000117056,8,0,4.617700004018843,False,51053292,"[-6.831767559051514, -6.977236747741699, -6.687931537628174]",8.0,8.0,False,"[295399104, 295449104, 295499104, 295549104, 295599104, 295649104, 295699104, 295749104]",0.0,1.0,12.821000011172146,0.03489997470751405,34.336699987761676,11.14750001579523,96.7042000265792,3.0132000101730227,8.0,24.0,24.0,0.0,0.0,16515072.0,0.0
garl_event_native_input,3,2Y46OkK3ff_000001_1584700000,2Y46OkK3ff,-7.724049355074306,-19.376361846923828,43.27189998002723,6.013500038534403,49.28540001856163,1,0,4.672100010793656,False,58949127,,,,,,,,,,,,,,,,,,,,
h8_warp_student,3,2Y46OkK3ff_000001_1584700000,2Y46OkK3ff,-7.724049355074306,-6.928232669830322,25.066500005777925,19.834999984595925,56.20019999332726,2,6,4.672100010793656,False,58949127,"[-6.863944053649902, -7.080323696136475, -6.928232669830322]",8.0,8.0,False,"[295499103, 295549103, 295599103, 295649103, 295699104, 295749104, 295799106, 295849106]",3.0,0.9055979160448268,11.29870000295341,4.0891999960877,5.890099972020835,0.8626999915577471,7.995499996468425,1.1998999980278313,2.0,6.0,2.0,4.0,4.0,16515072.0,0.0
garl_event_graph,3,2Y46OkK3ff_000001_1584700000,2Y46OkK3ff,-7.724049355074306,-19.376361846923828,18.236000032629818,5.514299962669611,23.75029999529943,1,0,4.672100010793656,False,58949127,,,,,,,,,,,,,,,,,,,,
h8_warp,3,2Y46OkK3ff_000001_1584700000,2Y46OkK3ff,-7.724049355074306,-7.27813720703125,24.858699995093048,56.12500000279397,92.09449996706098,2,6,4.672100010793656,False,58949127,"[-7.3715620040893555, -7.27813720703125, -7.211549758911133]",8.0,8.0,False,"[295499103, 295549103, 295599103, 295649103, 295699104, 295749104, 295799106, 295849106]",3.0,0.9055979160448268,11.110799969173968,3.9473999640904367,5.832599999848753,0.8276000153273344,8.038099971599877,1.0645000147633255,2.0,6.0,2.0,4.0,4.0,16515072.0,0.0
h8_reference,3,2Y46OkK3ff_000001_1584700000,2Y46OkK3ff,-7.724049355074306,-6.911182880401611,158.25270005734637,60.78619998879731,231.1069000279531,8,0,4.672100010793656,False,58949127,"[-7.085460186004639, -6.911182880401611, -6.765498161315918]",8.0,8.0,False,"[295499106, 295549106, 295599106, 295649106, 295699106, 295749106, 295799106, 295849106]",0.0,1.0,12.067999981809407,0.0342000275850296,34.85510003520176,12.379399966448545,102.33049996895716,3.04320000577718,8.0,24.0,24.0,0.0,0.0,16515072.0,0.0
garl_event,3,2Y46OkK3ff_000001_1584700000,2Y46OkK3ff,-7.724049355074306,-19.376361846923828,14.652799989562482,5.824599997140467,20.47739998670295,1,0,4.672100010793656,False,58949127,,,,,,,,,,,,,,,,,,,,
h8_warp_graph_fixed,3,2Y46OkK3ff_000001_1584700000,2Y46OkK3ff,-7.724049355074306,-7.278134822845459,24.506499990820885,14.679600019007921,46.32419999688864,2,6,4.672100010793656,False,58949127,"[-7.371570110321045, -7.278134822845459, -7.211544990539551]",8.0,8.0,False,"[295499103, 295549103, 295599103, 295649103, 295699104, 295749104, 295799106, 295849106]",3.0,0.9055979160448268,7.138099987059832,3.987200034316629,5.545699968934059,0.7879000040702522,7.931499974802136,1.1232999968342483,2.0,6.0,2.0,4.0,4.0,16515072.0,0.0
h8_reference,4,2Y46OkK3ff_000001_1584800000,2Y46OkK3ff,-8.127254837935865,-6.82163143157959,153.10280001722276,61.62270001368597,226.61670000525191,8,0,5.933300009928644,False,68891634,"[-6.82163143157959, -7.043178081512451, -6.608658313751221]",8.0,8.0,False,"[295599107, 295649107, 295699107, 295749107, 295799107, 295849107, 295899107, 295949107]",0.0,1.0,11.89119997434318,0.03300001844763756,35.33319995040074,11.161500005982816,96.75580001203343,3.0109999934211373,8.0,24.0,24.0,0.0,0.0,16515072.0,0.0
garl_event_graph,4,2Y46OkK3ff_000001_1584800000,2Y46OkK3ff,-8.127254837935865,-6.5513482093811035,24.254999996628612,5.453099962323904,29.708099958952516,1,0,5.933300009928644,False,68891634,,,,,,,,,,,,,,,,,,,,
garl_event_native_input,4,2Y46OkK3ff_000001_1584800000,2Y46OkK3ff,-8.127254837935865,-6.5513482093811035,59.634200064465404,6.012699974235147,65.64690003870055,1,0,5.933300009928644,False,68891634,,,,,,,,,,,,,,,,,,,,
garl_event,4,2Y46OkK3ff_000001_1584800000,2Y46OkK3ff,-8.127254837935865,-6.5513482093811035,14.90650000050664,5.871000001206994,20.777500001713634,1,0,5.933300009928644,False,68891634,,,,,,,,,,,,,,,,,,,,
h8_warp_student,4,2Y46OkK3ff_000001_1584800000,2Y46OkK3ff,-8.127254837935865,-6.859704971313477,48.69130003498867,20.10839997092262,79.44900001166388,2,6,5.933300009928644,False,68891634,"[-6.815380573272705, -6.969727516174316, -6.859704971313477]",8.0,8.0,False,"[295599103, 295649103, 295699104, 295749104, 295799106, 295849106, 295899107, 295949107]",4.0,0.8959215907783391,10.649300005752593,2.334600023459643,17.303899978287518,5.419299995992333,16.24109997646883,0.8423000108450651,2.0,6.0,4.0,2.0,2.0,16515072.0,0.0
h8_warp_graph_fixed,4,2Y46OkK3ff_000001_1584800000,2Y46OkK3ff,-8.127254837935865,-6.876189231872559,48.94609999610111,14.97749995905906,71.22069998877123,2,6,5.933300009928644,False,68891634,"[-6.876189231872559, -7.023540019989014, -6.745027542114258]",8.0,8.0,False,"[295599103, 295649103, 295699104, 295749104, 295799106, 295849106, 295899107, 295949107]",4.0,0.8959215907783391,7.297100033611059,2.6177000254392624,17.113099980633706,5.345699959434569,16.4698000298813,0.9494999540038407,2.0,6.0,4.0,2.0,2.0,16515072.0,0.0
h8_warp,4,2Y46OkK3ff_000001_1584800000,2Y46OkK3ff,-8.127254837935865,-6.876184463500977,48.548400052823126,52.937000000383705,112.10940004093572,2,6,5.933300009928644,False,68891634,"[-6.876184463500977, -7.02353572845459, -6.745028495788574]",8.0,8.0,False,"[295599103, 295649103, 295699104, 295749104, 295799106, 295849106, 295899107, 295949107]",4.0,0.8959215907783391,10.623999987728894,2.310600015334785,17.037199984770268,5.367299949284643,16.24710002215579,1.0055999737232924,2.0,6.0,4.0,2.0,2.0,16515072.0,0.0
h8_reference,5,2Y46OkK3ff_000001_1584900000,2Y46OkK3ff,-8.672875498146386,-7.078493595123291,162.92140004225075,61.02769996505231,236.323400051333,8,0,14.833300025202334,False,76252698,"[-7.078493595123291, -7.343997001647949, -6.990063190460205]",8.0,8.0,False,"[295699108, 295749108, 295799108, 295849108, 295899108, 295949108, 295999108, 296049108]",0.0,1.0,12.374300044029951,0.0315000070258975,34.55809998558834,11.11059996765107,98.2674999977462,3.1607000273652375,8.0,24.0,24.0,0.0,0.0,16515072.0,0.0
h8_warp_graph_fixed,5,2Y46OkK3ff_000001_1584900000,2Y46OkK3ff,-8.672875498146386,-6.883987903594971,37.73370000999421,14.458900026511401,59.476700029335916,2,6,14.833300025202334,False,76252698,"[-6.883987903594971, -7.010740756988525, -6.661487579345703]",8.0,8.0,False,"[295699104, 295749104, 295799106, 295849106, 295899107, 295949107, 295999108, 296049108]",4.0,0.89349031605977,7.284099992830306,4.045700014103204,8.554200001526624,1.00020004902035,8.284000039566308,0.6430000066757202,2.0,6.0,2.0,4.0,4.0,16515072.0,0.0
garl_event,5,2Y46OkK3ff_000001_1584900000,2Y46OkK3ff,-8.672875498146386,-5.982547283172607,33.053800056222826,6.5055000013671815,39.55930005759001,1,0,14.833300025202334,False,76252698,,,,,,,,,,,,,,,,,,,,
h8_warp_student,5,2Y46OkK3ff_000001_1584900000,2Y46OkK3ff,-8.672875498146386,-7.0711541175842285,38.26420003315434,19.902699976228178,69.91870002821088,2,6,14.833300025202334,False,76252698,"[-7.0711541175842285, -7.387931823730469, -6.821017742156982]",8.0,8.0,False,"[295699104, 295749104, 295799106, 295849106, 295899107, 295949107, 295999108, 296049108]",4.0,0.89349031605977,11.751800018828362,4.047500027809292,8.484100049827248,0.9719000081531703,8.476799994241446,1.089500030502677,2.0,6.0,2.0,4.0,4.0,16515072.0,0.0
garl_event_graph,5,2Y46OkK3ff_000001_1584900000,2Y46OkK3ff,-8.672875498146386,-5.982547283172607,23.398600053042173,6.253600004129112,29.652200057171285,1,0,14.833300025202334,False,76252698,,,,,,,,,,,,,,,,,,,,
h8_warp,5,2Y46OkK3ff_000001_1584900000,2Y46OkK3ff,-8.672875498146386,-6.883968830108643,37.28759998921305,54.70390000846237,102.66299999784678,2,6,14.833300025202334,False,76252698,"[-6.883968830108643, -7.010711193084717, -6.661469459533691]",8.0,8.0,False,"[295699104, 295749104, 295799106, 295849106, 295899107, 295949107, 295999108, 296049108]",4.0,0.89349031605977,10.671500000171363,3.7486000219359994,8.316499995999038,0.971500005107373,7.984100026078522,1.0822999756783247,2.0,6.0,2.0,4.0,4.0,16515072.0,0.0
garl_event_native_input,5,2Y46OkK3ff_000001_1584900000,2Y46OkK3ff,-8.672875498146386,-5.982547283172607,63.911100034601986,6.073500029742718,69.9846000643447,1,0,14.833300025202334,False,76252698,,,,,,,,,,,,,,,,,,,,
h8_warp_student,6,6WCDpro5rE_000003_5506700000,6WCDpro5rE,2.75383940447063,3.5567209720611572,99.77779997279868,24.10750003764406,132.0603999774903,1,0,64.94549999479204,True,81637695,"[3.5567209720611572, 3.748443126678467, 3.4824676513671875]",8.0,1.0,True,[278246920],0.0,1.0,8.175099967047572,0.03309996100142598,25.531399995088577,0.8581000147387385,7.837799959816039,0.38680003490298986,1.0,3.0,3.0,0.0,0.0,2359296.0,0.0
h8_warp,6,6WCDpro5rE_000003_5506700000,6WCDpro5rE,2.75383940447063,3.3214190006256104,98.03520003333688,53.208199969958514,158.97649998078123,1,0,64.94549999479204,True,81637695,"[3.3214190006256104, 3.565730094909668, 3.296064853668213]",8.0,1.0,True,[278246920],0.0,1.0,7.7330999774858356,0.024900014977902174,23.913699958939105,0.9146000375039876,7.587100029923022,0.500100024510175,1.0,3.0,3.0,0.0,0.0,2359296.0,0.0
h8_warp_graph_fixed,6,6WCDpro5rE_000003_5506700000,6WCDpro5rE,2.75383940447063,3.3214190006256104,97.84050000598654,15.112099994439632,200.68030001129955,1,0,64.94549999479204,True,81637695,"[3.3214190006256104, 3.5657291412353516, 3.296064853668213]",8.0,1.0,True,[278246920],0.0,1.0,87.72770001087338,0.028399983420968056,23.7974000046961,0.820400018710643,7.53539998549968,0.5418999935500324,1.0,3.0,3.0,0.0,0.0,2359296.0,0.0
garl_event_graph,6,6WCDpro5rE_000003_5506700000,6WCDpro5rE,2.75383940447063,3.675812244415283,97.74939995259047,5.78580005094409,103.53520000353456,1,0,64.94549999479204,True,81637695,,,,,,,,,,,,,,,,,,,,
garl_event_native_input,6,6WCDpro5rE_000003_5506700000,6WCDpro5rE,2.75383940447063,3.675812244415283,255.21949998801574,7.328899984713644,262.5483999727294,1,0,64.94549999479204,True,81637695,,,,,,,,,,,,,,,,,,,,
garl_event,6,6WCDpro5rE_000003_5506700000,6WCDpro5rE,2.75383940447063,3.675812244415283,73.44300003023818,6.423300015740097,79.86630004597828,1,0,64.94549999479204,True,81637695,,,,,,,,,,,,,,,,,,,,
h8_reference,6,6WCDpro5rE_000003_5506700000,6WCDpro5rE,2.75383940447063,3.3214190006256104,104.93390000192448,55.79700000816956,169.2198000382632,1,0,64.94549999479204,True,81637695,"[3.3214190006256104, 3.565730094909668, 3.296064853668213]",8.0,1.0,True,[278246920],0.0,1.0,8.488900028169155,0.014299992471933365,23.645600012969226,1.1075999937020242,8.53570003528148,0.38759998278692365,1.0,3.0,3.0,0.0,0.0,2359296.0,0.0
h8_reference,7,6WCDpro5rE_000003_5506800000,6WCDpro5rE,2.77272594511355,3.170107364654541,93.74110004864633,69.17390000307932,172.00230003800243,3,0,25.178200041409582,False,116369595,"[3.2189555168151855, 3.108761787414551, 3.170107364654541]",8.0,3.0,False,"[278246921, 278296921, 278346921]",0.0,1.0,9.087299986276776,0.02429995220154524,35.791800008155406,1.9387999782338738,29.46029999293387,1.2915999977849424,3.0,9.0,9.0,0.0,0.0,9437184.0,0.0
garl_event_graph,7,6WCDpro5rE_000003_5506800000,6WCDpro5rE,2.77272594511355,3.5851893424987793,56.023100041784346,5.474900011904538,61.498000053688884,1,0,25.178200041409582,False,116369595,,,,,,,,,,,,,,,,,,,,
h8_warp_graph_fixed,7,6WCDpro5rE_000003_5506800000,6WCDpro5rE,2.77272594511355,3.0930988788604736,70.36240003071725,14.593100000638515,172.9363000486046,2,1,25.178200041409582,False,116369595,"[3.149139881134033, 3.034680128097534, 3.0930988788604736]",8.0,3.0,False,"[278246920, 278296921, 278346921]",1.0,0.9455885850178359,87.98080001724884,1.4815999893471599,27.903600013814867,1.1899000382982194,13.69279995560646,0.7201000116765499,2.0,6.0,5.0,1.0,1.0,6291456.0,0.0
h8_warp,7,6WCDpro5rE_000003_5506800000,6WCDpro5rE,2.77272594511355,3.0930988788604736,72.09060003515333,60.23020000429824,141.38490008190274,2,1,25.178200041409582,False,116369595,"[3.149139881134033, 3.034679889678955, 3.0930988788604736]",8.0,3.0,False,"[278246920, 278296921, 278346921]",1.0,0.9455885850178359,9.064100042451173,1.438200008124113,29.08850001404062,1.207199995405972,14.043100003618747,0.9456000407226384,2.0,6.0,5.0,1.0,1.0,6291456.0,0.0
h8_warp_student,7,6WCDpro5rE_000003_5506800000,6WCDpro5rE,2.77272594511355,3.237431764602661,72.56950001465157,20.793700008653104,103.28210005536675,2,1,25.178200041409582,False,116369595,"[3.3464386463165283, 3.237431764602661, 3.2347171306610107]",8.0,3.0,False,"[278246920, 278296921, 278346921]",1.0,0.9455885850178359,9.918900032062083,1.6074000159278512,29.09719996387139,1.214599993545562,14.296700013801455,0.9419000125490129,2.0,6.0,5.0,1.0,1.0,6291456.0,0.0
garl_event,7,6WCDpro5rE_000003_5506800000,6WCDpro5rE,2.77272594511355,3.5851893424987793,33.96170004270971,7.197699975222349,41.15940001793206,1,0,25.178200041409582,False,116369595,,,,,,,,,,,,,,,,,,,,
garl_event_native_input,7,6WCDpro5rE_000003_5506800000,6WCDpro5rE,2.77272594511355,3.5851893424987793,164.73660001065582,6.343899993225932,171.08050000388175,1,0,25.178200041409582,False,116369595,,,,,,,,,,,,,,,,,,,,
h8_warp_graph_fixed,8,6WCDpro5rE_000003_5506900000,6WCDpro5rE,2.82733387877561,3.2348012924194336,51.37360002845526,15.661800047382712,156.60200006095693,2,3,26.392800034955144,False,151047900,"[3.2348012924194336, 3.206428289413452, 3.2637531757354736]",8.0,5.0,False,"[278246920, 278296921, 278346921, 278396922, 278446922]",2.0,0.8719354414280075,89.56659998511896,4.67890000436455,13.12249997863546,0.4911000141873956,5.500299972482026,0.887800008058548,2.0,6.0,2.0,4.0,4.0,7864320.0,0.0
garl_event_native_input,8,6WCDpro5rE_000003_5506900000,6WCDpro5rE,2.82733387877561,3.5259289741516113,175.52520002936944,8.699800004251301,184.22500003362074,1,0,26.392800034955144,False,151047900,,,,,,,,,,,,,,,,,,,,
h8_warp,8,6WCDpro5rE_000003_5506900000,6WCDpro5rE,2.82733387877561,3.2348015308380127,50.769300025422126,55.59310002718121,115.91280007269233,2,3,26.392800034955144,False,151047900,"[3.2348015308380127, 3.2064285278320312, 3.263753890991211]",8.0,5.0,False,"[278246920, 278296921, 278346921, 278396922, 278446922]",2.0,0.8719354414280075,9.550400020089,4.884299996774644,12.484300008509308,0.46119996113702655,5.0611000042408705,1.18980003753677,2.0,6.0,2.0,4.0,4.0,7864320.0,0.0
garl_event_graph,8,6WCDpro5rE_000003_5506900000,6WCDpro5rE,2.82733387877561,3.5259289741516113,51.67530005564913,5.305899947416037,56.98120000306517,1,0,26.392800034955144,False,151047900,,,,,,,,,,,,,,,,,,,,
garl_event,8,6WCDpro5rE_000003_5506900000,6WCDpro5rE,2.82733387877561,3.5259289741516113,34.25180003978312,6.232700019609183,40.4845000593923,1,0,26.392800034955144,False,151047900,,,,,,,,,,,,,,,,,,,,
h8_reference,8,6WCDpro5rE_000003_5506900000,6WCDpro5rE,2.82733387877561,3.119511604309082,109.75670005427673,59.28200000198558,178.90590004390106,5,0,26.392800034955144,False,151047900,"[3.119511604309082, 3.0869357585906982, 3.1222083568573]",8.0,5.0,False,"[278246922, 278296922, 278346922, 278396922, 278446922]",0.0,1.0,9.867199987638742,0.025900022592395544,39.09839998232201,1.9304999732412398,40.337599988561124,1.903099997434765,5.0,15.0,15.0,0.0,0.0,16515072.0,0.0
h8_warp_student,8,6WCDpro5rE_000003_5506900000,6WCDpro5rE,2.82733387877561,3.446580410003662,48.96839999128133,17.674900009296834,76.92339998902753,2,3,26.392800034955144,False,151047900,"[3.446580410003662, 3.439436912536621, 3.4475557804107666]",8.0,5.0,False,"[278246920, 278296921, 278346921, 278396922, 278446922]",2.0,0.8719354414280075,10.280099988449365,4.071799980010837,12.290999991819263,0.4618000239133835,4.9573000287637115,0.5528000183403492,2.0,6.0,2.0,4.0,4.0,7864320.0,0.0
h8_warp,9,6WCDpro5rE_000003_5507000000,6WCDpro5rE,2.8604847250638437,3.4569144248962402,52.34639998525381,60.32990000676364,123.60130000161007,2,5,23.716599971521646,False,185621454,"[3.4569144248962402, 3.431583881378174, 3.4701128005981445]",8.0,7.0,False,"[278246920, 278296921, 278346921, 278396922, 278446922, 278496924, 278546924]",4.0,0.8382948220610559,10.925000009592623,5.548900051508099,14.715700002852827,0.5827000131830573,6.221399991773069,1.1754999868571758,2.0,6.0,2.0,4.0,4.0,9437184.0,0.0
garl_event_native_input,9,6WCDpro5rE_000003_5507000000,6WCDpro5rE,2.8604847250638437,3.3626461029052734,171.2235999875702,6.181399978231639,177.40499996580184,1,0,23.716599971521646,False,185621454,,,,,,,,,,,,,,,,,,,,
garl_event,9,6WCDpro5rE_000003_5507000000,6WCDpro5rE,2.8604847250638437,3.3626461029052734,50.068599986843765,5.839299992658198,55.90789997950196,1,0,23.716599971521646,False,185621454,,,,,,,,,,,,,,,,,,,,
h8_warp_graph_fixed,9,6WCDpro5rE_000003_5507000000,6WCDpro5rE,2.8604847250638437,3.4569125175476074,46.762899961322546,17.788800003472716,150.8571999729611,2,5,23.716599971521646,False,185621454,"[3.4569125175476074, 3.431582450866699, 3.47011137008667]",8.0,7.0,False,"[278246920, 278296921, 278346921, 278396922, 278446922, 278496924, 278546924]",4.0,0.8382948220610559,86.30550000816584,4.119299992453307,12.022899987641722,0.4883999936282635,5.14259998453781,0.978299998678267,2.0,6.0,2.0,4.0,4.0,9437184.0,0.0
h8_reference,9,6WCDpro5rE_000003_5507000000,6WCDpro5rE,2.8604847250638437,3.7810230255126953,136.96709997020662,68.79629998002201,216.79029992083088,7,0,23.716599971521646,False,185621454,"[3.792057752609253, 3.734088659286499, 3.7810230255126953]",8.0,7.0,False,"[278246924, 278296924, 278346924, 278396924, 278446924, 278496924, 278546924]",0.0,1.0,11.026899970602244,0.04390004323795438,48.0735000455752,4.399200028274208,56.11760000465438,4.3447999632917345,7.0,21.0,21.0,0.0,0.0,16515072.0,0.0
h8_warp_student,9,6WCDpro5rE_000003_5507000000,6WCDpro5rE,2.8604847250638437,3.6378159523010254,48.1088999658823,20.64030000474304,79.83589998912066,2,5,23.716599971521646,False,185621454,"[3.6529266834259033, 3.591634750366211, 3.6378159523010254]",8.0,7.0,False,"[278246920, 278296921, 278346921, 278396922, 278446922, 278496924, 278546924]",4.0,0.8382948220610559,11.086700018495321,5.329800012987107,11.828799964860082,0.5000000237487257,5.2207999979145825,0.9787000017240644,2.0,6.0,2.0,4.0,4.0,9437184.0,0.0
garl_event_graph,9,6WCDpro5rE_000003_5507000000,6WCDpro5rE,2.8604847250638437,3.3626461029052734,31.189899949822575,5.833500006701797,37.02339995652437,1,0,23.716599971521646,False,185621454,,,,,,,,,,,,,,,,,,,,
h8_warp,10,6WCDpro5rE_000003_5507100000,6WCDpro5rE,2.931050750080546,3.4956164360046387,74.41990001825616,62.9278999986127,148.47820001887158,2,6,23.291099991183728,False,219987837,"[3.4338996410369873, 3.4956164360046387, 3.5350289344787598]",8.0,8.0,False,"[278296921, 278346921, 278396922, 278446922, 278496924, 278546924, 278596925, 278646925]",4.0,0.8422127864124339,11.130400002002716,3.5964000271633267,33.42400002293289,1.109300006646663,11.769599979743361,0.7953000022098422,2.0,6.0,4.0,2.0,2.0,12582912.0,0.0
h8_warp_graph_fixed,10,6WCDpro5rE_000003_5507100000,6WCDpro5rE,2.931050750080546,3.49562406539917,66.34220003616065,14.840899966657162,88.34190003108233,2,6,23.291099991183728,False,219987837,"[3.4339096546173096, 3.49562406539917, 3.5350375175476074]",8.0,8.0,False,"[278296921, 278346921, 278396922, 278446922, 278496924, 278546924, 278596925, 278646925]",4.0,0.8422127864124339,7.1588000282645226,2.786800032481551,27.779099997133017,0.9586999658495188,10.176400013733655,1.0203999700024724,2.0,6.0,4.0,2.0,2.0,12582912.0,0.0
garl_event_native_input,10,6WCDpro5rE_000003_5507100000,6WCDpro5rE,2.931050750080546,2.6752374172210693,153.50600000238046,7.466999988537282,160.97299999091774,1,0,23.291099991183728,False,219987837,,,,,,,,,,,,,,,,,,,,
h8_warp_student,10,6WCDpro5rE_000003_5507100000,6WCDpro5rE,2.931050750080546,3.8973498344421387,66.69279997004196,20.80190001288429,98.82760001346469,2,6,23.291099991183728,False,219987837,"[3.8973498344421387, 3.8674116134643555, 3.9293015003204346]",8.0,8.0,False,"[278296921, 278346921, 278396922, 278446922, 278496924, 278546924, 278596925, 278646925]",4.0,0.8422127864124339,11.33290003053844,2.27569998241961,28.14449998550117,0.9397999965585768,10.521499963942915,1.0547999991104007,2.0,6.0,4.0,2.0,2.0,12582912.0,0.0
h8_reference,10,6WCDpro5rE_000003_5507100000,6WCDpro5rE,2.931050750080546,3.3057925701141357,143.10960000148043,61.76529999356717,216.04569995542988,8,0,23.291099991183728,False,219987837,"[3.287945508956909, 3.3057925701141357, 3.3156774044036865]",8.0,8.0,False,"[278296925, 278346925, 278396925, 278446925, 278496925, 278546925, 278596925, 278646925]",0.0,1.0,11.170799960382283,0.03550003748387098,50.12069997610524,4.391999973449856,61.760000011418015,3.2444000244140625,8.0,24.0,24.0,0.0,0.0,16515072.0,0.0
garl_event,10,6WCDpro5rE_000003_5507100000,6WCDpro5rE,2.931050750080546,2.6752374172210693,52.31699999421835,5.916299996897578,58.23329999111593,1,0,23.291099991183728,False,219987837,,,,,,,,,,,,,,,,,,,,
garl_event_graph,10,6WCDpro5rE_000003_5507100000,6WCDpro5rE,2.931050750080546,2.6752374172210693,31.150299997534603,5.438999971374869,36.58929996890947,1,0,23.291099991183728,False,219987837,,,,,,,,,,,,,,,,,,,,
garl_event_graph,11,6WCDpro5rE_000003_5507200000,6WCDpro5rE,3.0374922942029956,3.126455307006836,57.28880001697689,6.647000031080097,63.93580004805699,1,0,21.199900016654283,False,253952748,,,,,,,,,,,,,,,,,,,,
h8_warp,11,6WCDpro5rE_000003_5507200000,6WCDpro5rE,3.0374922942029956,3.4797794818878174,50.64600001787767,57.5851000030525,119.41740004112944,2,6,21.199900016654283,False,253952748,"[3.444751024246216, 3.4797794818878174, 3.5025136470794678]",8.0,8.0,False,"[278396922, 278446922, 278496924, 278546924, 278596925, 278646925, 278696926, 278746926]",4.0,0.8688081085200426,11.186300020199269,5.158499989192933,15.393599984236062,0.8968000183813274,6.457799987401813,1.0141999810002744,2.0,6.0,2.0,4.0,4.0,14155776.0,0.0
garl_event,11,6WCDpro5rE_000003_5507200000,6WCDpro5rE,3.0374922942029956,3.126455307006836,30.301000049803406,5.995199957396835,36.29620000720024,1,0,21.199900016654283,False,253952748,,,,,,,,,,,,,,,,,,,,
h8_warp_student,11,6WCDpro5rE_000003_5507200000,6WCDpro5rE,3.0374922942029956,3.8972859382629395,48.36010001599789,19.912399991881102,79.33659997070208,2,6,21.199900016654283,False,253952748,"[3.9258761405944824, 3.833922863006592, 3.8972859382629395]",8.0,8.0,False,"[278396922, 278446922, 278496924, 278546924, 278596925, 278646925, 278696926, 278746926]",4.0,0.8688081085200426,11.064099962823093,4.256899992469698,14.460799982771277,0.8571000071242452,6.266000040341169,0.9755999781191349,2.0,6.0,2.0,4.0,4.0,14155776.0,0.0
h8_warp_graph_fixed,11,6WCDpro5rE_000003_5507200000,6WCDpro5rE,3.0374922942029956,3.4797792434692383,48.66750002838671,15.47089999075979,71.93550001829863,2,6,21.199900016654283,False,253952748,"[3.444751024246216, 3.4797792434692383, 3.502514600753784]",8.0,8.0,False,"[278396922, 278446922, 278496924, 278546924, 278596925, 278646925, 278696926, 278746926]",4.0,0.8688081085200426,7.797099999152124,5.212499992921948,13.89740000013262,0.7832000264897943,6.231199949979782,0.938100041821599,2.0,6.0,2.0,4.0,4.0,14155776.0,0.0
garl_event_native_input,11,6WCDpro5rE_000003_5507200000,6WCDpro5rE,3.0374922942029956,3.126455307006836,211.65469998959452,6.302100024186075,217.9568000137806,1,0,21.199900016654283,False,253952748,,,,,,,,,,,,,,,,,,,,
h8_reference,11,6WCDpro5rE_000003_5507200000,6WCDpro5rE,3.0374922942029956,3.255394458770752,157.9193000216037,64.88469999749213,235.55780004244298,8,0,21.199900016654283,False,253952748,"[3.255394458770752, 3.2495458126068115, 3.3109121322631836]",8.0,8.0,False,"[278396926, 278446926, 278496926, 278546926, 278596926, 278646926, 278696926, 278746926]",0.0,1.0,12.75380002334714,0.060999998822808266,58.815800002776086,6.0974000371061265,68.41750000603497,2.9337999876588583,8.0,24.0,24.0,0.0,0.0,16515072.0,0.0
