population,method,cohort,n,query_fraction,absolute_error_fraction
dev32,A5_phase_bound60,all,3640,1.0,1.0
dev32,A5_phase_bound60,positive_at_most_1,119,0.0326923076923076,0.059182737359483
dev32,A5_phase_bound60,positive_1_4,2477,0.6804945054945055,0.462943025305791
dev32,A5_phase_bound60,positive_4_8,851,0.2337912087912088,0.3134043630874958
dev32,A5_phase_bound60,positive_at_least_8,193,0.053021978021978,0.16446987424723
dev32,A5_phase_bound60,negative,0,0.0,0.0
dev32,A5_phase_bound60,family:CCRm,914,0.2510989010989011,0.2176823923142125
dev32,A5_phase_bound60,family:CCRs-1,948,0.2604395604395604,0.3221320804752548
dev32,A5_phase_bound60,family:CCRs-2,406,0.1115384615384615,0.0447280886312075
dev32,A5_phase_bound60,family:CCRs-3,250,0.0686813186813186,0.0250143407195984
dev32,A5_phase_bound60,family:CCRs-side,387,0.1063186813186813,0.0774747030417687
dev32,A5_phase_bound60,family:CPLA,291,0.0799450549450549,0.1011745309628695
dev32,A5_phase_bound60,family:CPNA,239,0.0656593406593406,0.0827831961287543
dev32,A5_phase_bound60,family:CPNAO,205,0.0563186813186813,0.129010667726334
dev32,C2F_phase_bound60,all,3640,1.0,1.0
dev32,C2F_phase_bound60,positive_at_most_1,119,0.0326923076923076,0.0572072156915757
dev32,C2F_phase_bound60,positive_1_4,2477,0.6804945054945055,0.4066858986047287
dev32,C2F_phase_bound60,positive_4_8,851,0.2337912087912088,0.3309329924831607
dev32,C2F_phase_bound60,positive_at_least_8,193,0.053021978021978,0.2051738932205346
dev32,C2F_phase_bound60,negative,0,0.0,0.0
dev32,C2F_phase_bound60,family:CCRm,914,0.2510989010989011,0.2500779964351027
dev32,C2F_phase_bound60,family:CCRs-1,948,0.2604395604395604,0.3182235210393919
dev32,C2F_phase_bound60,family:CCRs-2,406,0.1115384615384615,0.0477608136984739
dev32,C2F_phase_bound60,family:CCRs-3,250,0.0686813186813186,0.0244221526918792
dev32,C2F_phase_bound60,family:CCRs-side,387,0.1063186813186813,0.0869240892233744
dev32,C2F_phase_bound60,family:CPLA,291,0.0799450549450549,0.0989806204367778
dev32,C2F_phase_bound60,family:CPNA,239,0.0656593406593406,0.0772649269731891
dev32,C2F_phase_bound60,family:CPNAO,205,0.0563186813186813,0.0963458795018105
dev32,PAIR_phase_bound60,all,3640,1.0,1.0
dev32,PAIR_phase_bound60,positive_at_most_1,119,0.0326923076923076,0.0663757277007265
dev32,PAIR_phase_bound60,positive_1_4,2477,0.6804945054945055,0.4831627897018018
dev32,PAIR_phase_bound60,positive_4_8,851,0.2337912087912088,0.2912862206800924
dev32,PAIR_phase_bound60,positive_at_least_8,193,0.053021978021978,0.1591752619173791
dev32,PAIR_phase_bound60,negative,0,0.0,0.0
dev32,PAIR_phase_bound60,family:CCRm,914,0.2510989010989011,0.205480856170462
dev32,PAIR_phase_bound60,family:CCRs-1,948,0.2604395604395604,0.3302236943442576
dev32,PAIR_phase_bound60,family:CCRs-2,406,0.1115384615384615,0.0521866798600765
dev32,PAIR_phase_bound60,family:CCRs-3,250,0.0686813186813186,0.0246624970737894
dev32,PAIR_phase_bound60,family:CCRs-side,387,0.1063186813186813,0.0884158585074546
dev32,PAIR_phase_bound60,family:CPLA,291,0.0799450549450549,0.1104166967908276
dev32,PAIR_phase_bound60,family:CPNA,239,0.0656593406593406,0.070449056982968
dev32,PAIR_phase_bound60,family:CPNAO,205,0.0563186813186813,0.1181646602701639
dev32,current_phase_median_bound60,all,3640,1.0,1.0
dev32,current_phase_median_bound60,positive_at_most_1,119,0.0326923076923076,0.0626655221652485
dev32,current_phase_median_bound60,positive_1_4,2477,0.6804945054945055,0.4592743702234189
dev32,current_phase_median_bound60,positive_4_8,851,0.2337912087912088,0.3101436035032675
dev32,current_phase_median_bound60,positive_at_least_8,193,0.053021978021978,0.1679165041080652
dev32,current_phase_median_bound60,negative,0,0.0,0.0
dev32,current_phase_median_bound60,family:CCRm,914,0.2510989010989011,0.2153126395297444
dev32,current_phase_median_bound60,family:CCRs-1,948,0.2604395604395604,0.327439813907135
dev32,current_phase_median_bound60,family:CCRs-2,406,0.1115384615384615,0.0437590452232429
dev32,current_phase_median_bound60,family:CCRs-3,250,0.0686813186813186,0.0259856368364283
dev32,current_phase_median_bound60,family:CCRs-side,387,0.1063186813186813,0.0793510888371595
dev32,current_phase_median_bound60,family:CPLA,291,0.0799450549450549,0.1005117036455123
dev32,current_phase_median_bound60,family:CPNA,239,0.0656593406593406,0.0836361770776346
dev32,current_phase_median_bound60,family:CPNAO,205,0.0563186813186813,0.1240038949431427
dev32,H8_median3,all,3640,1.0,1.0
dev32,H8_median3,positive_at_most_1,119,0.0326923076923076,0.065468129576076
dev32,H8_median3,positive_1_4,2477,0.6804945054945055,0.5215113515382848
dev32,H8_median3,positive_4_8,851,0.2337912087912088,0.2363737215692588
dev32,H8_median3,positive_at_least_8,193,0.053021978021978,0.1766467973163804
dev32,H8_median3,negative,0,0.0,0.0
dev32,H8_median3,family:CCRm,914,0.2510989010989011,0.2437856257474701
dev32,H8_median3,family:CCRs-1,948,0.2604395604395604,0.2738811073055464
dev32,H8_median3,family:CCRs-2,406,0.1115384615384615,0.0537830639538378
dev32,H8_median3,family:CCRs-3,250,0.0686813186813186,0.0285457635349013
dev32,H8_median3,family:CCRs-side,387,0.1063186813186813,0.1006750125482568
dev32,H8_median3,family:CPLA,291,0.0799450549450549,0.1167012808741155
dev32,H8_median3,family:CPNA,239,0.0656593406593406,0.0779137577960885
dev32,H8_median3,family:CPNAO,205,0.0563186813186813,0.1047143882397834
dev32,Direct_median3,all,3640,1.0,1.0
dev32,Direct_median3,positive_at_most_1,119,0.0326923076923076,0.0305873944331145
dev32,Direct_median3,positive_1_4,2477,0.6804945054945055,0.5082738822283314
dev32,Direct_median3,positive_4_8,851,0.2337912087912088,0.2194308934505825
dev32,Direct_median3,positive_at_least_8,193,0.053021978021978,0.2417078298879715
dev32,Direct_median3,negative,0,0.0,0.0
dev32,Direct_median3,family:CCRm,914,0.2510989010989011,0.3227500918941889
dev32,Direct_median3,family:CCRs-1,948,0.2604395604395604,0.2097558940208667
dev32,Direct_median3,family:CCRs-2,406,0.1115384615384615,0.0694124950479168
dev32,Direct_median3,family:CCRs-3,250,0.0686813186813186,0.0353548246213707
dev32,Direct_median3,family:CCRs-side,387,0.1063186813186813,0.1197402955382553
dev32,Direct_median3,family:CPLA,291,0.0799450549450549,0.0945511495413087
dev32,Direct_median3,family:CPNA,239,0.0656593406593406,0.0735047847152812
dev32,Direct_median3,family:CPNAO,205,0.0563186813186813,0.0749304646208113
fcwd,A5_phase_bound60,all,597,1.0,1.0
fcwd,A5_phase_bound60,positive_at_most_1,0,0.0,0.0
fcwd,A5_phase_bound60,positive_1_4,271,0.4539363484087102,0.131954109923616
fcwd,A5_phase_bound60,positive_4_8,178,0.2981574539363484,0.1359916480387937
fcwd,A5_phase_bound60,positive_at_least_8,148,0.2479061976549413,0.7320542420375903
fcwd,A5_phase_bound60,negative,0,0.0,0.0
fcwd,A5_phase_bound60,family:FCWD1,201,0.3366834170854271,0.5955277178039102
fcwd,A5_phase_bound60,family:FCWD2,204,0.3417085427135678,0.2151644914536574
fcwd,A5_phase_bound60,family:FCWD3,192,0.321608040201005,0.1893077907424322
fcwd,C2F_phase_bound60,all,597,1.0,1.0
fcwd,C2F_phase_bound60,positive_at_most_1,0,0.0,0.0
fcwd,C2F_phase_bound60,positive_1_4,271,0.4539363484087102,0.1220422156488508
fcwd,C2F_phase_bound60,positive_4_8,178,0.2981574539363484,0.1846642554317226
fcwd,C2F_phase_bound60,positive_at_least_8,148,0.2479061976549413,0.6932935289194267
fcwd,C2F_phase_bound60,negative,0,0.0,0.0
fcwd,C2F_phase_bound60,family:FCWD1,201,0.3366834170854271,0.5541732513334052
fcwd,C2F_phase_bound60,family:FCWD2,204,0.3417085427135678,0.2047484371119544
fcwd,C2F_phase_bound60,family:FCWD3,192,0.321608040201005,0.2410783115546403
fcwd,PAIR_phase_bound60,all,597,1.0,1.0
fcwd,PAIR_phase_bound60,positive_at_most_1,0,0.0,0.0
fcwd,PAIR_phase_bound60,positive_1_4,271,0.4539363484087102,0.112623211061765
fcwd,PAIR_phase_bound60,positive_4_8,178,0.2981574539363484,0.1201106550281584
fcwd,PAIR_phase_bound60,positive_at_least_8,148,0.2479061976549413,0.7672661339100764
fcwd,PAIR_phase_bound60,negative,0,0.0,0.0
fcwd,PAIR_phase_bound60,family:FCWD1,201,0.3366834170854271,0.5505352655845228
fcwd,PAIR_phase_bound60,family:FCWD2,204,0.3417085427135678,0.2523380446936055
fcwd,PAIR_phase_bound60,family:FCWD3,192,0.321608040201005,0.1971266897218715
fcwd,current_phase_median_bound60,all,597,1.0,1.0
fcwd,current_phase_median_bound60,positive_at_most_1,0,0.0,0.0
fcwd,current_phase_median_bound60,positive_1_4,271,0.4539363484087102,0.1297869914169269
fcwd,current_phase_median_bound60,positive_4_8,178,0.2981574539363484,0.1344434729796453
fcwd,current_phase_median_bound60,positive_at_least_8,148,0.2479061976549413,0.7357695356034277
fcwd,current_phase_median_bound60,negative,0,0.0,0.0
fcwd,current_phase_median_bound60,family:FCWD1,201,0.3366834170854271,0.5849361257604238
fcwd,current_phase_median_bound60,family:FCWD2,204,0.3417085427135678,0.2234132455044622
fcwd,current_phase_median_bound60,family:FCWD3,192,0.321608040201005,0.1916506287351139
fcwd,H8_median3,all,597,1.0,1.0
fcwd,H8_median3,positive_at_most_1,0,0.0,0.0
fcwd,H8_median3,positive_1_4,271,0.4539363484087102,0.1754521197579276
fcwd,H8_median3,positive_4_8,178,0.2981574539363484,0.1156067204839338
fcwd,H8_median3,positive_at_least_8,148,0.2479061976549413,0.7089411597581385
fcwd,H8_median3,negative,0,0.0,0.0
fcwd,H8_median3,family:FCWD1,201,0.3366834170854271,0.4857539127779914
fcwd,H8_median3,family:FCWD2,204,0.3417085427135678,0.2684469883749925
fcwd,H8_median3,family:FCWD3,192,0.321608040201005,0.2457990988470161
fcwd,Direct_median3,all,597,1.0,1.0
fcwd,Direct_median3,positive_at_most_1,0,0.0,0.0
fcwd,Direct_median3,positive_1_4,271,0.4539363484087102,0.1657456680603906
fcwd,Direct_median3,positive_4_8,178,0.2981574539363484,0.0899679645330972
fcwd,Direct_median3,positive_at_least_8,148,0.2479061976549413,0.744286367406512
fcwd,Direct_median3,negative,0,0.0,0.0
fcwd,Direct_median3,family:FCWD1,201,0.3366834170854271,0.4942437079864029
fcwd,Direct_median3,family:FCWD2,204,0.3417085427135678,0.2656142148551478
fcwd,Direct_median3,family:FCWD3,192,0.321608040201005,0.2401420771584489
