mode,system,n,cpu_ms,wrapper_ms,e2e_ms,e2e_p50_ms,e2e_p95_ms,cuda_stream_ms,raw_cache_hit_fraction
chronological_raw_cache_enabled,garl_event_only,200,299.53918050188804,41.28898450057022,340.82816500245826,289.71894999267533,709.2824649560498,40.571017484664914,0.8
chronological_raw_cache_enabled,garl_full,200,1331.9842900012736,116.06465049815597,1448.0489404994296,1365.6506999977864,1893.0189000151584,115.2647950744629,0.0
chronological_raw_cache_enabled,h8_fast_one,200,1592.0267985001556,482.54583949717926,2074.572637997335,2342.2445000032894,3327.6201349945036,481.7519902038574,0.3
chronological_raw_cache_enabled,h8_fast_three,200,1587.43276250083,535.0092975006555,2122.4420600014855,2395.191400020849,3309.197954984847,534.219568786621,0.3
chronological_raw_cache_enabled,h8_legacy_three,200,2463.8063604966737,579.641760502418,3043.4481209990918,3096.3109000003897,4235.278354995534,578.8692193603515,0.0
chronological_raw_cache_enabled_512MiB,garl_event_only,200,343.3846894992166,50.427216000971384,393.811905500188,335.3040999791119,817.9028499725973,49.651093797683714,0.8
chronological_raw_cache_enabled_512MiB,garl_full,200,1549.4086589972721,151.93720749870408,1701.3458664959762,1728.7794999720063,2011.4964200300165,151.07656837463378,0.0
chronological_raw_cache_enabled_512MiB,h8_fast_one,200,987.5668134988518,578.79056600068,1566.3573794995318,1331.8348999891896,3306.9146449823165,577.9721319580078,0.8
chronological_raw_cache_enabled_512MiB,h8_fast_three,200,989.0812265043496,646.0949149957742,1635.1761415001238,1414.2228999990039,3354.2515849840124,645.2880017089843,0.8
chronological_raw_cache_enabled_512MiB,h8_legacy_three,200,2840.7360509980936,718.2374260036158,3558.9734770017094,3890.0956999859773,4504.58143997821,717.4005174255371,0.0
independent_raw_cache_disabled,garl_event_only,40,754.8500000004424,55.78489749605069,810.6348974964931,807.191249972675,1109.51806496887,54.96832962036133,0.0
independent_raw_cache_disabled,garl_full,40,1792.2469525045017,163.57844999874942,1955.825402503251,1962.16865000315,2196.3878649898106,162.73606548309326,0.0
independent_raw_cache_disabled,h8_fast_one,40,2356.3082449996728,623.9654500008328,2980.2736950005055,3276.744949980639,3725.8334599959203,623.0877456665039,0.0
independent_raw_cache_disabled,h8_fast_three,40,2341.199492503074,698.5700699980953,3039.7695625011693,3294.0662000037264,3702.1552899706876,697.6646881103516,0.0
independent_raw_cache_disabled,h8_legacy_three,40,3074.16306999512,770.3694575029658,3844.532527498086,4102.484350034501,4604.007359984098,769.5149139404297,0.0
