mode,candidate,baseline,pairs,families,difference_ms,reduction_percent,difference_ci_low_ms,difference_ci_high_ms,reduction_ci_low_percent,reduction_ci_high_percent
independent_raw_cache_disabled,garl_full,h8_legacy_three,40,8,-1888.7071249948349,49.12709442528641,-2207.9246200009948,-1473.8610476873519,44.60296841945402,51.89643117132164
independent_raw_cache_disabled,h8_fast_one,h8_legacy_three,40,8,-864.2588324975804,22.480206015060457,-961.3946349971229,-756.0127325021313,20.337879516630643,25.12140060508308
independent_raw_cache_disabled,h8_fast_three,h8_legacy_three,40,8,-804.7629649969167,20.932661103549922,-882.3585949954577,-684.4143286862164,19.86354691424799,22.38794034106344
independent_raw_cache_disabled,garl_event_only,h8_legacy_three,40,8,-3033.897630001593,78.91460426727012,-3382.218457329109,-2580.07033218164,77.82327287331464,79.92343897914836
chronological_raw_cache_enabled,h8_fast_three,h8_legacy_three,200,8,-921.0060609976063,30.261927405395095,-1164.9636947499603,-728.3048751101887,22.327114115349797,41.12779647517495
chronological_raw_cache_enabled,garl_event_only,h8_legacy_three,200,8,-2702.6199559966335,88.80124939042587,-3025.551537920066,-2292.8658074829436,88.32198308943163,89.19592932921493
chronological_raw_cache_enabled,h8_fast_one,h8_legacy_three,200,8,-968.875483001757,31.83479541894403,-1212.3905676896684,-776.4123180008028,23.80672410654101,42.92617576750353
chronological_raw_cache_enabled,garl_full,h8_legacy_three,200,8,-1595.3991804996622,52.42077791606747,-1907.1137776484538,-1218.9787554985378,46.88854736452474,56.269637856267764
chronological_raw_cache_enabled_512MiB,h8_fast_three,h8_legacy_three,200,8,-1923.7973355015856,54.05483766409821,-2219.0644650009926,-1559.4097999486842,51.564705472235715,55.59084923899268
chronological_raw_cache_enabled_512MiB,garl_event_only,h8_legacy_three,200,8,-3165.1615715015214,88.93467714651365,-3576.6155543909044,-2680.2128072839914,88.39822752348027,89.37088986206527
chronological_raw_cache_enabled_512MiB,h8_fast_one,h8_legacy_three,200,8,-1992.6160975021776,55.988506528036154,-2288.604696990573,-1626.648119496822,53.7343279654075,57.53843149765625
chronological_raw_cache_enabled_512MiB,garl_full,h8_legacy_three,200,8,-1857.6276105057332,52.195601414560386,-2241.0721271330476,-1406.9186534189648,46.454782915703746,56.02009944941363
