population,method,cohort,n,finite_predictions,coverage,status,mae,median_ae,rmse,rte_percent,bias,p95_ae,p99_ae,sign_error_fraction,overestimate_fraction,urgent_n,urgent_miss_fraction,urgent_false_alarm_fraction
dev32,A5_phase_bound60,all,3640,3640,1.0,COMPLETE,3.8638226136684937,1.1602430538763069,10.156507682381145,136.2353442337878,1.298247310284845,16.556858174606575,59.07956218606274,0.0307692307692307,0.8565934065934065,119.0,1.0,0.0
dev32,A5_phase_bound60,positive_at_most_1,119,119,1.0,COMPLETE,6.994660673714962,1.313280911291626,16.96502099734692,803.3125489324915,3.41608216326472,59.09253205202273,60.54276239285672,0.0504201680672268,0.9495798319327732,119.0,1.0,
dev32,A5_phase_bound60,positive_1_4,2477,2477,1.0,COMPLETE,2.628573361833064,0.9372646930604484,7.144069015375532,121.174800780174,1.1326220778482634,8.719696862713826,37.6409902074316,0.0238191360516754,0.8966491723859508,0.0,,0.0
dev32,A5_phase_bound60,positive_4_8,851,851,1.0,COMPLETE,5.179573995022573,1.7331580027355482,12.067925943760477,95.50861469460378,1.9268551691849711,27.679674103462112,62.43123243553418,0.0317273795534665,0.7931844888366627,0.0,,0.0
dev32,A5_phase_bound60,positive_at_least_8,193,193,1.0,COMPLETE,11.985264282676296,3.621095506779048,21.69950402944119,97.79609870685088,-0.6536383616488327,49.81953224868242,75.54092939343072,0.1036269430051813,0.5647668393782384,0.0,,0.0
dev32,A5_phase_bound60,negative,0,0,0.0,INCOMPLETE,,,,,,,,,,,,
dev32,A5_phase_bound60,family:CCRm,914,914,1.0,COMPLETE,3.3496209913313386,0.6903521845998049,10.184192597328902,47.579269428633495,0.3814813902115483,15.187119903235644,54.194226674386734,0.024070021881838,0.675054704595186,10.0,1.0,0.0
dev32,A5_phase_bound60,family:CCRs-1,948,948,1.0,COMPLETE,4.779078934965466,0.9525592308493156,12.407469278689211,211.48111728213016,1.477341373293006,30.447377895324188,60.87294109922773,0.0432489451476793,0.929324894514768,34.0,1.0,0.0
dev32,A5_phase_bound60,family:CCRs-2,406,406,1.0,COMPLETE,1.549433244243152,0.6216643411897703,3.376432030713788,44.877548976632895,1.3707359654970066,4.803211141561754,10.777255813248834,0.0,0.8768472906403941,0.0,,0.0
dev32,A5_phase_bound60,family:CCRs-3,250,250,1.0,COMPLETE,1.407238200927004,0.6994551573048464,4.903663842989798,34.27411324322562,0.6119299740996519,2.7378304673584752,14.434213644333418,0.004,0.852,0.0,,0.0
dev32,A5_phase_bound60,family:CCRs-side,387,387,1.0,COMPLETE,2.8155777130339428,1.5891547975750022,5.757072206360127,78.29309819564358,2.730061933343859,7.809421244148022,26.813525504746075,0.0,0.9767441860465116,0.0,,0.0
dev32,A5_phase_bound60,family:CPLA,291,291,1.0,COMPLETE,4.889863931300221,1.979961633277832,10.679487546742372,197.3018383428059,1.7851440065402138,20.17716006888853,56.68987573938455,0.0481099656357388,0.9450171821305842,49.0,1.0,0.0
dev32,A5_phase_bound60,family:CPNA,239,239,1.0,COMPLETE,4.871501632853086,2.595169325145556,9.27003543504594,231.1380589994843,2.8282796837980846,18.830157230624003,48.96780303028035,0.0292887029288702,0.9581589958158996,11.0,1.0,0.0
dev32,A5_phase_bound60,family:CPNAO,205,205,1.0,COMPLETE,8.850958930391961,2.981469380679638,16.755189581828084,400.8781868980018,0.0729540626829072,43.98593207251221,62.819699896286735,0.1317073170731707,0.824390243902439,15.0,1.0,0.0
dev32,C2F_phase_bound60,all,3640,3640,1.0,COMPLETE,4.066785835495232,1.0803822553442195,10.796702066642563,136.8503697977462,1.7845706515863544,18.206545895739247,58.78653413024245,0.0260989010989011,0.8604395604395605,119.0,1.0,0.0
dev32,C2F_phase_bound60,positive_at_most_1,119,119,1.0,COMPLETE,7.11633747768017,1.354730993261254,16.915478533393856,819.1520877173319,3.179939906584062,59.12456115331273,60.55687555512873,0.0588235294117647,0.9411764705882352,119.0,1.0,
dev32,C2F_phase_bound60,positive_1_4,2477,2477,1.0,COMPLETE,2.430444975804018,0.8943457545098144,7.049440668634607,115.79262285542576,1.2653776040856128,7.2925226607086335,41.02997687248689,0.0185708518368994,0.9115865966895438,0.0,,0.0
dev32,C2F_phase_bound60,positive_4_8,851,851,1.0,COMPLETE,5.756562076423016,1.7822002471069345,12.774719956896536,105.04634234307176,2.712665524619098,28.97083573475137,60.9750588160875,0.0282021151586369,0.745005875440658,0.0,,0.0
dev32,C2F_phase_bound60,positive_at_least_8,193,193,1.0,COMPLETE,15.73683807904746,4.944714833878908,25.781994100799547,126.6501734641966,3.4953659902586107,53.434965383743,77.6304501425907,0.0932642487046632,0.6632124352331606,0.0,,0.0
dev32,C2F_phase_bound60,negative,0,0,0.0,INCOMPLETE,,,,,,,,,,,,
dev32,C2F_phase_bound60,family:CCRm,914,914,1.0,COMPLETE,4.05025131221394,0.6618668650316895,12.064722874929094,51.12400460440356,1.104509998774719,22.270594591577822,64.95420607152991,0.0207877461706783,0.6859956236323851,10.0,1.0,0.0
dev32,C2F_phase_bound60,family:CCRs-1,948,948,1.0,COMPLETE,4.96908728343806,0.880589021286963,12.631637024597676,222.78636479776893,1.7042367387012072,28.55119953818212,60.889555275673736,0.0443037974683544,0.9135021097046412,34.0,1.0,0.0
dev32,C2F_phase_bound60,family:CCRs-2,406,406,1.0,COMPLETE,1.7413993160888583,0.6618651467189935,4.068202686965596,47.31606370256453,1.5782611283582717,6.867062160453223,19.976953595617104,0.0,0.8719211822660099,0.0,,0.0
dev32,C2F_phase_bound60,family:CCRs-3,250,250,1.0,COMPLETE,1.4460943171531042,0.8148681273739378,3.681185941917629,36.662297151323685,0.8502462249007382,3.605121324243197,12.420270347585504,0.004,0.888,0.0,,0.0
dev32,C2F_phase_bound60,family:CCRs-side,387,387,1.0,COMPLETE,3.324925125410006,1.7041271064991208,7.490095236605071,84.53899422799466,2.959990327040489,8.673714503990487,40.512577972989256,0.0025839793281653,0.9844961240310076,0.0,,0.0
dev32,C2F_phase_bound60,family:CPLA,291,291,1.0,COMPLETE,5.035120501918137,1.528416008795288,11.879997738702498,198.4769687560118,2.294936011204133,23.409456948929687,62.26273657085275,0.0378006872852233,0.9484536082474226,49.0,1.0,0.0
dev32,C2F_phase_bound60,family:CPNA,239,239,1.0,COMPLETE,4.785608680193747,2.3680787254726074,10.760112174554887,238.28550894792437,3.73984004615107,12.806729517572345,58.649492547508736,0.00836820083682,0.9539748953974896,11.0,1.0,0.0
dev32,C2F_phase_bound60,family:CPNAO,205,205,1.0,COMPLETE,6.957159665177116,2.4735760960890616,13.872156019927283,314.18053933281453,1.5131640166423028,35.43343672958282,58.67560609458524,0.0926829268292682,0.8682926829268293,15.0,1.0,0.0
dev32,PAIR_phase_bound60,all,3640,3640,1.0,COMPLETE,2.662547071645076,0.9061477067230838,7.88939949252154,98.66222039299232,0.8362282266932373,8.480684344854373,47.287134878035694,0.0225274725274725,0.7879120879120879,119.0,0.9663865546218487,0.0
dev32,PAIR_phase_bound60,positive_at_most_1,119,119,1.0,COMPLETE,5.405812923370456,1.005586106183765,14.59435032972492,621.6887889080783,-0.3276785387242061,38.074227222244325,60.85647525739673,0.0840336134453781,0.9159663865546218,119.0,0.9663865546218487,
dev32,PAIR_phase_bound60,positive_1_4,2477,2477,1.0,COMPLETE,1.890454163055377,0.7949755203493651,5.736350365483828,89.04346869486159,1.0090798415193685,4.945651216498965,27.900553569467142,0.0177634234961647,0.863948324586193,0.0,,0.0
dev32,PAIR_phase_bound60,positive_4_8,851,851,1.0,COMPLETE,3.317332922363952,1.082325796533203,9.184805790083605,61.06944546129589,0.7412970327593478,13.35656118035957,53.982176770702736,0.0235017626321974,0.6615746180963572,0.0,,0.0
dev32,PAIR_phase_bound60,positive_at_least_8,193,193,1.0,COMPLETE,7.993131212886524,3.1575358764293,15.756956443604292,65.38210521085863,-0.2459588137311754,43.42239902748269,70.18682233388033,0.0414507772020725,0.2901554404145077,0.0,,0.0
dev32,PAIR_phase_bound60,negative,0,0,0.0,INCOMPLETE,,,,,,,,,,,,
dev32,PAIR_phase_bound60,family:CCRm,914,914,1.0,COMPLETE,2.1788325216935056,0.5948135717708254,6.846989265259438,31.735896258125024,0.4998955877117645,6.731444647256359,42.40680459686376,0.0065645514223194,0.5547045951859956,10.0,0.6,0.0
dev32,PAIR_phase_bound60,family:CCRs-1,948,948,1.0,COMPLETE,3.375969952031016,0.8067745601043397,9.91976804628161,157.2414010280063,0.7564215635290613,13.500829011656712,60.04370768723169,0.0390295358649789,0.90084388185654,34.0,1.0,0.0
dev32,PAIR_phase_bound60,family:CCRs-2,406,406,1.0,COMPLETE,1.2457540629822317,0.5601872214816654,3.4315266652382084,34.328939689989554,0.570805880394681,3.399451075618616,6.716190400214736,0.0024630541871921,0.7832512315270936,0.0,,0.0
dev32,PAIR_phase_bound60,family:CCRs-3,250,250,1.0,COMPLETE,0.9560832643292616,0.6069647011694093,1.9401117260137837,26.431169170660468,0.6075911874976316,2.579840555353636,9.018803804327312,0.0,0.744,0.0,,0.0
dev32,PAIR_phase_bound60,family:CCRs-side,387,387,1.0,COMPLETE,2.2142052764027698,1.200897225235498,5.969184417768415,67.37551816398296,1.2511446315645982,5.431019310558468,26.638609980031045,0.0077519379844961,0.8837209302325582,0.0,,0.0
dev32,PAIR_phase_bound60,family:CPLA,291,291,1.0,COMPLETE,3.677396343065813,1.5353044596899394,9.35110692100399,146.65353555756343,0.8392499114536537,12.923469384619874,48.48457066593937,0.0412371134020618,0.9312714776632304,49.0,1.0,0.0
dev32,PAIR_phase_bound60,family:CPNA,239,239,1.0,COMPLETE,2.856774504382333,1.4273717918072997,6.818134510956976,164.5447622379494,1.85726860628832,6.795906443184149,31.312564924052577,0.0209205020920502,0.895397489539749,11.0,1.0,0.0
dev32,PAIR_phase_bound60,family:CPNAO,205,205,1.0,COMPLETE,5.586405128947839,1.7852116911409914,12.946672898325604,255.7901488665007,1.5313739409912732,31.081011398300262,60.59805440092238,0.0878048780487804,0.8585365853658536,15.0,1.0,0.0
dev32,current_phase_median_bound60,all,3640,3640,1.0,COMPLETE,3.538590006351529,1.046223682586559,9.78658474803566,126.53319138891838,1.364701740946204,13.245512839886166,58.95684617311423,0.0255494505494505,0.8475274725274725,119.0,1.0,0.0
dev32,current_phase_median_bound60,positive_at_most_1,119,119,1.0,COMPLETE,6.7828674734064265,1.305657290057739,16.707481860728866,779.9235900440367,3.8790026747348407,59.09253205202273,59.141020761878735,0.0504201680672268,0.9495798319327732,119.0,1.0,
dev32,current_phase_median_bound60,positive_1_4,2477,2477,1.0,COMPLETE,2.388239263541129,0.8843503485477537,6.968876246089997,111.78864829320884,1.1660772634554777,6.814620989761434,38.21247159535265,0.0197819943480016,0.8998788857488897,0.0,,0.0
dev32,current_phase_median_bound60,positive_4_8,851,851,1.0,COMPLETE,4.694235773726756,1.5074315743102495,11.384934002199186,86.30692471473532,1.7120305131231868,19.887059478143165,62.3163733748582,0.0282021151586369,0.7485311398354877,0.0,,0.0
dev32,current_phase_median_bound60,positive_at_least_8,193,193,1.0,COMPLETE,11.206440904411178,3.378332053381543,20.962782559902088,90.27064604095592,0.8321330077911175,48.35060345517492,75.6409160484787,0.0725388601036269,0.5492227979274611,0.0,,0.0
dev32,current_phase_median_bound60,negative,0,0,0.0,INCOMPLETE,,,,,,,,,,,,
dev32,current_phase_median_bound60,family:CCRm,914,914,1.0,COMPLETE,3.034275144760709,0.62950209958784,9.72546182159859,41.771323040102615,0.5943187507010993,10.95322497120326,52.86241922093222,0.0164113785557986,0.6531728665207878,10.0,1.0,0.0
dev32,current_phase_median_bound60,family:CCRs-1,948,948,1.0,COMPLETE,4.448921858176317,0.8662951032620849,11.905367363392898,200.42255746628464,1.5617757976903175,23.09741903417661,59.49544701682252,0.040084388185654,0.9208860759493672,34.0,1.0,0.0
dev32,current_phase_median_bound60,family:CCRs-2,406,406,1.0,COMPLETE,1.3882683872330182,0.6192612374915767,2.775096798852987,40.81475474628497,1.187107830663826,4.761917977107837,10.342419865870298,0.0,0.8669950738916257,0.0,,0.0
dev32,current_phase_median_bound60,family:CCRs-3,250,250,1.0,COMPLETE,1.3388286157510365,0.7536326934408322,4.79865114590055,32.87075099917441,0.5228538360800901,2.714437225957006,11.966554810201371,0.004,0.848,0.0,,0.0
dev32,current_phase_median_bound60,family:CCRs-side,387,387,1.0,COMPLETE,2.641031345287644,1.4708202265008783,5.427151317181473,74.89153467134169,2.555567105903317,7.165788362629502,26.44673956527724,0.0,0.9767441860465116,0.0,,0.0
dev32,current_phase_median_bound60,family:CPLA,291,291,1.0,COMPLETE,4.448926957218594,1.7079968307062765,10.13199325144035,183.0068009610489,1.8116735386581555,19.95961413304712,58.27957839610282,0.0412371134020618,0.9450171821305842,49.0,1.0,0.0
dev32,current_phase_median_bound60,family:CPNA,239,239,1.0,COMPLETE,4.507418706987312,2.304160556646388,10.006959714231774,225.2969435325829,3.149118305767587,13.495460140107271,56.77244683014476,0.0167364016736401,0.9456066945606696,11.0,1.0,0.0
dev32,current_phase_median_bound60,family:CPNAO,205,205,1.0,COMPLETE,7.791356848565221,2.418978950190993,16.18833461959045,348.9209377581668,0.303529559077367,39.31416232980085,63.07676223571874,0.1121951219512195,0.8390243902439024,15.0,1.0,0.0
dev32,H8_median3,all,3640,3640,1.0,COMPLETE,1.376645770233577,0.705208656450963,3.3316790669452967,54.488660201075554,0.4432097634556373,4.03581056639843,11.243232721042752,0.0038461538461538,0.695054945054945,119.0,0.9831932773109244,0.0
dev32,H8_median3,positive_at_most_1,119,119,1.0,COMPLETE,2.756808253313212,1.0340575167799806,7.09723965994172,312.6531177629541,2.4380502399746584,10.88922341987887,29.105745778390904,0.0084033613445378,0.9915966386554622,119.0,0.9831932773109244,
dev32,H8_median3,positive_1_4,2477,2477,1.0,COMPLETE,1.0550215915443164,0.5820297096798339,2.747381738037229,53.0288800393564,0.7112579400905391,2.9135646128273054,6.160833657805667,0.0048445700444085,0.7953169156237384,0.0,,0.0
dev32,H8_median3,positive_4_8,851,851,1.0,COMPLETE,1.3918525237760158,0.9001742639433594,2.866934354660792,26.7706801968637,0.5223471396529029,3.898584782829848,8.505046880879492,0.0,0.5170387779083431,0.0,,0.0
dev32,H8_median3,positive_at_least_8,193,193,1.0,COMPLETE,4.586401251384908,3.1875071804397948,6.7212792486117925,36.26226638915367,-4.575895197032906,12.068072564962131,15.188809078159402,0.005181347150259,0.0103626943005181,0.0,,0.0
dev32,H8_median3,negative,0,0,0.0,INCOMPLETE,,,,,,,,,,,,
dev32,H8_median3,family:CCRm,914,914,1.0,COMPLETE,1.336550853310243,0.5482460892274552,3.1064178149898107,19.481038683826583,-1.056515143673235,5.969098209234809,12.20463125589742,0.0010940919037199,0.3030634573304157,10.0,0.8,0.0
dev32,H8_median3,family:CCRs-1,948,948,1.0,COMPLETE,1.4476958388453702,0.5365008756390874,3.82236390216595,79.26512684966008,1.1459310107938334,4.934715330831934,16.770239897125908,0.0084388185654008,0.8280590717299579,34.0,1.0,0.0
dev32,H8_median3,family:CCRs-2,406,406,1.0,COMPLETE,0.6638089362270945,0.39792237311709,0.966054057543248,20.43271585318139,0.068545268538756,2.2682520026334982,3.427060648908206,0.0,0.6699507389162561,0.0,,0.0
dev32,H8_median3,family:CCRs-3,250,250,1.0,COMPLETE,0.5721702113896466,0.3958760806137333,0.8794360996411673,16.234438808732016,0.0455631141867795,1.7101854543797967,3.468087862292023,0.0,0.676,0.0,,0.0
dev32,H8_median3,family:CCRs-side,387,387,1.0,COMPLETE,1.3035698757149436,1.0717530169796383,1.574393621310643,48.08383954535106,0.9897046286155512,2.92352693721371,4.618054822783103,0.0,0.896640826873385,0.0,,0.0
dev32,H8_median3,family:CPLA,291,291,1.0,COMPLETE,2.0095842676774502,1.1106639868621215,5.01922378950158,93.57330569118068,1.5203426042679855,3.720667981281006,26.178564394931986,0.0034364261168384,0.9587628865979382,49.0,1.0,0.0
dev32,H8_median3,family:CPNA,239,239,1.0,COMPLETE,1.6335778586245986,1.292396638072534,3.655276718647025,92.31573094818404,1.4503325752819505,2.8192566992598653,3.481009527838938,0.0,0.899581589958159,11.0,1.0,0.0
dev32,H8_median3,family:CPNAO,205,205,1.0,COMPLETE,2.559623490422126,1.5318590291027578,5.262747797537823,122.60333476119357,1.372247560396508,6.776174182637661,29.15653416860454,0.0195121951219512,0.9073170731707316,15.0,1.0,0.0
dev32,Direct_median3,all,3640,3640,1.0,COMPLETE,1.0728718046036108,0.6506910587936181,1.8074231836014425,37.32121007021363,0.1878665498212151,3.296067789635712,8.550369727395985,0.0027472527472527,0.6708791208791208,119.0,1.0,0.0014200511218403
dev32,Direct_median3,positive_at_most_1,119,119,1.0,COMPLETE,1.003794329003562,0.9862395543291002,1.1701750371618127,120.623271150981,0.9448839021049104,2.1075509125081977,3.0820088762007183,0.0168067226890756,0.9831932773109244,119.0,1.0,
dev32,Direct_median3,positive_1_4,2477,2477,1.0,COMPLETE,0.8013477153102392,0.5429628741772703,1.1391952950771609,39.26440567508646,0.6112527984307321,2.464753560523036,3.8232724725802,0.0028259991925716,0.7852240613645539,0.0,,0.0020185708518368
dev32,Direct_median3,positive_4_8,851,851,1.0,COMPLETE,1.0069720750379283,0.8087802389571292,1.3119897038881423,19.597113086962928,0.0014690860291358,2.744364846004517,3.693192803759522,0.0011750881316098,0.4465334900117508,0.0,,0.0
dev32,Direct_median3,positive_at_least_8,193,193,1.0,COMPLETE,4.890830657642381,3.687593790670309,6.043331953976932,39.17077354619825,-4.890830657642381,12.521772960744745,14.359287900034817,0.0,0.0,0.0,,0.0
dev32,Direct_median3,negative,0,0,0.0,INCOMPLETE,,,,,,,,,,,,
dev32,Direct_median3,family:CCRm,914,914,1.0,COMPLETE,1.3790162840661475,0.5544237904123412,2.7821765042079742,19.71802468751599,-1.1525228523860276,6.7918302235872,12.53293749946627,0.0,0.2680525164113785,10.0,1.0,0.0
dev32,Direct_median3,family:CCRs-1,948,948,1.0,COMPLETE,0.864082185381494,0.5196900189423515,1.324590814765576,39.38747297839338,0.6479713147937607,3.334583738005911,4.090625550945151,0.0063291139240506,0.8059071729957806,34.0,1.0,0.0010940919037199
dev32,Direct_median3,family:CCRs-2,406,406,1.0,COMPLETE,0.6676684239401868,0.3686084000435802,0.9909847578536024,20.02982634460186,0.0343313462448534,2.2123465519776,3.4360798187401222,0.0,0.6625615763546798,0.0,,0.0
dev32,Direct_median3,family:CCRs-3,250,250,1.0,COMPLETE,0.552278191817705,0.3900666267459107,0.8554572381240417,15.577977017257638,-0.0013323731217226,1.618167542073763,3.5193807635965864,0.0,0.684,0.0,,0.0
dev32,Direct_median3,family:CCRs-side,387,387,1.0,COMPLETE,1.208310575004515,1.0506758727056884,1.4831723437867357,44.97101979889529,0.838829113207565,2.74605837932598,4.106444757913056,0.0,0.8656330749354005,0.0,,0.0
dev32,Direct_median3,family:CPLA,291,291,1.0,COMPLETE,1.2688872689555202,1.0275649897177983,1.4699205533145678,69.09633742836043,1.2035387458157492,2.759348452034986,3.319046028984633,0.0,0.9553264604810996,49.0,1.0,0.0
dev32,Direct_median3,family:CPNA,239,239,1.0,COMPLETE,1.2010661427996676,1.1196423831083238,1.3556186469259754,65.48288535518478,0.9488990262149836,2.2966527000648056,2.7108037388466677,0.0,0.8619246861924686,11.0,1.0,0.0
dev32,Direct_median3,family:CPNAO,205,205,1.0,COMPLETE,1.4274265823559096,1.234446269346019,1.78338529199997,74.63304148162811,1.0132408761048546,3.58534736073341,4.851963160953052,0.0195121951219512,0.848780487804878,15.0,1.0,0.0210526315789473
fcwd,A5_phase_bound60,all,597,597,1.0,COMPLETE,3.1023247043058904,0.9566542472818806,9.881121445516404,45.24713550198796,0.5807143534336282,8.11563617284673,48.92060052374698,0.0117252931323283,0.7973199329983249,0.0,,0.0
fcwd,A5_phase_bound60,positive_at_most_1,0,0,0.0,INCOMPLETE,,,,,,,,,,,,
fcwd,A5_phase_bound60,positive_1_4,271,271,1.0,COMPLETE,0.9018103451855544,0.6115759664626856,1.2780133590770268,49.59948590784361,0.8813402166663976,2.8763388570403,3.8074207032596337,0.0,0.9372693726937268,0.0,,0.0
fcwd,A5_phase_bound60,positive_4_8,178,178,1.0,COMPLETE,1.4149914540794546,0.7795197160655567,2.194966734826032,25.906506321115696,1.2891128839598176,4.931022176815622,7.533953756507096,0.0,0.8370786516853933,0.0,,0.0
fcwd,A5_phase_bound60,positive_at_least_8,148,148,1.0,COMPLETE,9.161005176345869,3.5893454768928343,19.622934605703552,60.53865600339595,-0.8217488044700356,44.56387801691458,86.10191218927106,0.0472972972972973,0.4932432432432432,0.0,,0.0
fcwd,A5_phase_bound60,negative,0,0,0.0,INCOMPLETE,,,,,,,,,,,,
fcwd,A5_phase_bound60,family:FCWD1,201,201,1.0,COMPLETE,5.487411191900799,1.03287177604581,16.105646065787305,54.59081340281403,-0.530232452271974,36.27455557245193,85.52429935833344,0.0348258706467661,0.7960199004975125,0.0,,0.0
fcwd,A5_phase_bound60,family:FCWD2,204,204,1.0,COMPLETE,1.953448725704308,0.891660758364782,4.397120063276416,38.21074865110712,1.0557631594338406,5.543043718621762,20.438314641151504,0.0,0.7696078431372549,0.0,,0.0
fcwd,A5_phase_bound60,family:FCWD3,192,192,1.0,COMPLETE,1.8261180148691512,0.952014443987686,3.390394232168348,42.94163372862158,1.238997434281455,5.670394223421965,12.061906677242172,0.0,0.828125,0.0,,0.0
fcwd,C2F_phase_bound60,all,597,597,1.0,COMPLETE,3.543657230810596,1.1265836290731537,10.092842451742165,52.70528443947224,1.4998873998060722,12.80377511078409,49.23018329143584,0.0100502512562814,0.8190954773869347,0.0,,0.0
fcwd,C2F_phase_bound60,positive_at_most_1,0,0,0.0,INCOMPLETE,,,,,,,,,,,,
fcwd,C2F_phase_bound60,positive_1_4,271,271,1.0,COMPLETE,0.9527233971552516,0.5766236670892868,1.315990807080442,53.44238229190898,0.9251633801141824,2.900802244303861,4.083373528567273,0.0,0.940959409594096,0.0,,0.0
fcwd,C2F_phase_bound60,positive_4_8,178,178,1.0,COMPLETE,2.19476929184061,1.2603109040184075,3.484822401878639,39.02325778207348,2.0242423756265477,7.16851712256605,13.07981365503077,0.0,0.8202247191011236,0.0,,0.0
fcwd,C2F_phase_bound60,positive_at_least_8,148,148,1.0,COMPLETE,9.910178325792057,3.59142488871562,19.827419028900625,67.81100894627376,1.9216105325118664,45.39800203202184,85.81308269144807,0.0405405405405405,0.5945945945945946,0.0,,0.0
fcwd,C2F_phase_bound60,negative,0,0,0.0,INCOMPLETE,,,,,,,,,,,,
fcwd,C2F_phase_bound60,family:FCWD1,201,201,1.0,COMPLETE,5.832779250636991,1.117014265461181,15.86374812562144,62.505919156497136,0.7550132675617798,36.1145883527211,85.52429935833344,0.0298507462686567,0.8059701492537313,0.0,,0.0
fcwd,C2F_phase_bound60,family:FCWD2,204,204,1.0,COMPLETE,2.1233249655017685,1.1541772258238003,4.495019497735969,42.77012504110147,1.5304916975590095,5.256210028594807,16.13718254168668,0.0,0.7990196078431373,0.0,,0.0
fcwd,C2F_phase_bound60,family:FCWD3,192,192,1.0,COMPLETE,2.656335648195468,1.1347369657012345,5.640471577219159,53.00135183085576,2.24716044063682,9.5709349200808,23.44096433322221,0.0,0.8541666666666666,0.0,,0.0
fcwd,PAIR_phase_bound60,all,597,597,1.0,COMPLETE,2.701981263155676,0.7163253239160434,8.552502357532259,37.3654189913564,-0.3491303420857344,7.357463790503121,45.0782611928019,0.0100502512562814,0.4958123953098827,0.0,,0.0
fcwd,PAIR_phase_bound60,positive_at_most_1,0,0,0.0,INCOMPLETE,,,,,,,,,,,,
fcwd,PAIR_phase_bound60,positive_1_4,271,271,1.0,COMPLETE,0.6703710931104566,0.2745790136142683,1.0678352782336764,39.03112006267755,0.5702704320972731,2.485281744475288,3.485735973048274,0.0,0.7269372693726938,0.0,,0.0
fcwd,PAIR_phase_bound60,positive_4_8,178,178,1.0,COMPLETE,1.0884743450375802,0.6828201811543906,2.2016864056322176,19.586443167498008,0.1627183402048971,2.623385989105665,8.537651955869405,0.0,0.3932584269662921,0.0,,0.0
fcwd,PAIR_phase_bound60,positive_at_least_8,148,148,1.0,COMPLETE,8.362593340907535,3.9385384865932993,16.945039734097872,55.6982075475642,-2.648229499189298,43.88662062205959,79.16486307790294,0.0405405405405405,0.1959459459459459,0.0,,0.0
fcwd,PAIR_phase_bound60,negative,0,0,0.0,INCOMPLETE,,,,,,,,,,,,
fcwd,PAIR_phase_bound60,family:FCWD1,201,201,1.0,COMPLETE,4.418203858072344,0.7660426105775251,13.16352528551972,42.190871405426265,-1.1887368031334804,28.883573774399817,76.78235599895844,0.0298507462686567,0.5174129353233831,0.0,,0.0
fcwd,PAIR_phase_bound60,family:FCWD2,204,204,1.0,COMPLETE,1.9953047217639543,0.7757040398753419,5.191731459709533,33.1558881216001,0.0012137049598588,5.326611181153886,19.25377676776953,0.0,0.4705882352941176,0.0,,0.0
fcwd,PAIR_phase_bound60,family:FCWD3,192,192,1.0,COMPLETE,1.6561545593309923,0.6849637966359337,4.170926566372447,36.78640004449305,0.1575921218376818,5.356949749777719,11.82421060443352,0.0,0.5,0.0,,0.0
fcwd,current_phase_median_bound60,all,597,597,1.0,COMPLETE,2.9873187013329265,0.8417587628915526,9.82621361329054,43.793842917356834,0.3762328453687191,7.195742084894325,45.81431068363097,0.0117252931323283,0.7638190954773869,0.0,,0.0
fcwd,current_phase_median_bound60,positive_at_most_1,0,0,0.0,INCOMPLETE,,,,,,,,,,,,
fcwd,current_phase_median_bound60,positive_1_4,271,271,1.0,COMPLETE,0.854117781069242,0.5315953002806508,1.2078647598831371,48.20582672956655,0.8235802239155893,2.708181352388068,3.485735973048274,0.0,0.92619926199262,0.0,,0.0
fcwd,current_phase_median_bound60,positive_4_8,178,178,1.0,COMPLETE,1.34702485482715,0.7065756917824242,2.1603597305171403,24.711449127390846,1.141196396866096,4.788921695085195,7.871635239489341,0.0,0.7640449438202247,0.0,,0.0
fcwd,current_phase_median_bound60,positive_at_least_8,148,148,1.0,COMPLETE,8.866168390991621,3.5630261317634835,19.52422187927497,58.66558941401304,-1.3629202070146242,44.25322111827898,86.10191218927106,0.0472972972972973,0.4662162162162162,0.0,,0.0
fcwd,current_phase_median_bound60,negative,0,0,0.0,INCOMPLETE,,,,,,,,,,,,
fcwd,current_phase_median_bound60,family:FCWD1,201,201,1.0,COMPLETE,5.190010968452226,0.8417587628915526,15.8061172902854,52.43483610721198,-0.97942731296758,35.08644269984092,85.52429935833344,0.0348258706467661,0.7562189054726368,0.0,,0.0
fcwd,current_phase_median_bound60,family:FCWD2,204,204,1.0,COMPLETE,1.9531456870260573,0.9228987269538133,5.033099705968078,37.1763273050021,0.9865301585710085,4.641156556221806,19.23754905779995,0.0,0.7401960784313726,0.0,,0.0
fcwd,current_phase_median_bound60,family:FCWD3,192,192,1.0,COMPLETE,1.7801840618934577,0.8217502603375818,3.4299325485332224,41.77891350985415,1.146998678349601,5.670394223421965,12.230559716485685,0.0,0.796875,0.0,,0.0
fcwd,H8_median3,all,597,597,1.0,COMPLETE,1.6248963408484205,0.6008428018812089,3.28714625086774,27.8555389992258,-0.8655821755215726,6.705554443299541,17.36666789333059,0.0,0.4958123953098827,0.0,,0.0
fcwd,H8_median3,positive_at_most_1,0,0,0.0,INCOMPLETE,,,,,,,,,,,,
fcwd,H8_median3,positive_1_4,271,271,1.0,COMPLETE,0.6280429148010591,0.2920847857878339,0.9780353970818472,36.54599384732457,0.5002354473643673,2.3983745324269115,3.1300063205074093,0.0,0.7047970479704797,0.0,,0.0
fcwd,H8_median3,positive_4_8,178,178,1.0,COMPLETE,0.6300326710327113,0.4690297704643784,0.8541655006205185,11.567967071895827,0.140175392071407,1.6343428358380034,3.0305438695484472,0.0,0.5449438202247191,0.0,,0.0
fcwd,H8_median3,positive_at_least_8,148,148,1.0,COMPLETE,4.646741014402684,3.320120471640526,6.399792963719059,31.53171831834721,-4.576132329802924,14.206258136568527,19.205519557706467,0.0,0.054054054054054,0.0,,0.0
fcwd,H8_median3,negative,0,0,0.0,INCOMPLETE,,,,,,,,,,,,
fcwd,H8_median3,family:FCWD1,201,201,1.0,COMPLETE,2.344338079548156,0.6241163001287688,4.851054825341624,28.69660292880511,-1.691477901537411,13.530200032949455,19.188258270972792,0.0,0.4527363184079602,0.0,,0.0
fcwd,H8_median3,family:FCWD2,204,204,1.0,COMPLETE,1.2765221661079182,0.5655805536604896,2.072532618853053,25.562459265211544,-0.5769526992313265,5.000939534600788,7.046805569289635,0.0,0.5,0.0,,0.0
fcwd,H8_median3,family:FCWD3,192,192,1.0,COMPLETE,1.241878331308918,0.581967120816671,2.0971745869606693,29.41144741533761,-0.3076414059071279,4.487820491378633,8.309027936632678,0.0,0.5364583333333334,0.0,,0.0
fcwd,Direct_median3,all,597,597,1.0,COMPLETE,1.7710727312006806,0.5909783116304039,3.6457937040168806,28.98587940557299,-1.070291532674604,7.113508339877556,19.509671762327343,0.0,0.4790619765494137,0.0,,0.0
fcwd,Direct_median3,positive_at_most_1,0,0,0.0,INCOMPLETE,,,,,,,,,,,,
fcwd,Direct_median3,positive_1_4,271,271,1.0,COMPLETE,0.6466713539143514,0.3000182960220754,0.984468229241154,37.56631782493606,0.5169829910969859,2.503613258875093,2.9882086535302737,0.0,0.7195571955719557,0.0,,0.0
fcwd,Direct_median3,positive_4_8,178,178,1.0,COMPLETE,0.5344149762568566,0.4152977703232028,0.6879587190327953,9.694135858114574,0.0443268665633408,1.2591941135064415,2.022409284965563,0.0,0.5112359550561798,0.0,,0.0
fcwd,Direct_median3,positive_at_least_8,148,148,1.0,COMPLETE,5.317274444880382,3.9797468207441167,7.160476791998908,36.47663305287168,-5.317274444880382,17.63736875988358,22.529188580186556,0.0,0.0,0.0,,0.0
fcwd,Direct_median3,negative,0,0,0.0,INCOMPLETE,,,,,,,,,,,,
fcwd,Direct_median3,family:FCWD1,201,201,1.0,COMPLETE,2.599895062726326,0.649395739133618,5.42953066013648,29.886869722563013,-2.003642456085912,14.076439555603825,21.845854842719312,0.0,0.4328358208955223,0.0,,0.0
fcwd,Direct_median3,family:FCWD2,204,204,1.0,COMPLETE,1.3766764190720149,0.5649267175459333,2.2955941301326988,26.68781066996453,-0.700589909736008,5.7293395382076175,8.533170797680166,0.0,0.4803921568627451,0.0,,0.0
fcwd,Direct_median3,family:FCWD3,192,192,1.0,COMPLETE,1.3224454345214771,0.5721289944346253,2.2064555751601422,30.48435319905804,-0.4859977591006494,4.942479485629712,8.160042375469427,0.0,0.5260416666666666,0.0,,0.0
