dataset,method,policy,prediction_coverage,gt_ineligible_n,status,MiDc,FRc,MiDs,FRs,MiDl,FRl,MiDn,FRn,mean_MiD,overall_MiD,num_samples,failed_rate,invalid_mid_total,strict_mean_MiD,outside_bands_n,n_c,invalid_mid_c,n_s,invalid_mid_s,n_l,invalid_mid_l,n_n,invalid_mid_n,overall_available
DEV32,H8_median3,native,1.0,307,PUBLIC_COHORT_NOT_OFFICIAL_TEST,213.22330357577007,0.0,55.04327905402057,0.0,32.38225301356487,0.0,,,138.3770653599981,,3640.0,0.0,0.0,138.3770653599982,109.0,1945.0,0.0,1293.0,0.0,293.0,0.0,0.0,0.0,False
DEV32,H8_median3,equal_clip_60_sensitivity,1.0,307,PUBLIC_COHORT_NOT_OFFICIAL_TEST,213.22330357577007,0.0,55.04327905402057,0.0,32.38225301356487,0.0,,,138.3770653599981,,3640.0,0.0,0.0,138.3770653599982,109.0,1945.0,0.0,1293.0,0.0,293.0,0.0,0.0,0.0,False
DEV32,Direct_median3,native,1.0,307,PUBLIC_COHORT_NOT_OFFICIAL_TEST,209.00192674229024,0.051413881748071974,57.12448539693893,0.0,31.871892670187258,0.0,,,137.32269384247877,,3640.0,0.027472527472527472,1.0,,109.0,1945.0,1.0,1293.0,0.0,293.0,0.0,0.0,0.0,False
DEV32,Direct_median3,equal_clip_60_sensitivity,1.0,307,PUBLIC_COHORT_NOT_OFFICIAL_TEST,209.00192674229024,0.051413881748071974,57.12448539693893,0.0,31.871892670187258,0.0,,,137.32269384247877,,3640.0,0.027472527472527472,1.0,,109.0,1945.0,1.0,1293.0,0.0,293.0,0.0,0.0,0.0,False
DEV32,public_Garl_event_lhr,native,1.0,307,PUBLIC_COHORT_NOT_OFFICIAL_TEST,249.31419205238052,0.0,74.53631807952584,0.0,49.071253565794834,0.0,,,165.983756010946,,3640.0,0.0,0.0,165.98375601094622,109.0,1945.0,0.0,1293.0,0.0,293.0,0.0,0.0,0.0,False
DEV32,public_Garl_event_lhr,equal_clip_60_sensitivity,1.0,307,PUBLIC_COHORT_NOT_OFFICIAL_TEST,249.29186616813294,0.0,74.54378946709406,0.0,49.11940910640104,0.0,,,165.98617752491418,,3640.0,0.0,0.0,165.98617752491435,109.0,1945.0,0.0,1293.0,0.0,293.0,0.0,0.0,0.0,False
DEV32,public_Garl_rgb_event_full,native,1.0,307,PUBLIC_COHORT_NOT_OFFICIAL_TEST,197.5761797658321,0.0,65.8911341159738,0.0,61.405120817732495,0.0,,,136.33569598204656,,3640.0,0.0,0.0,136.33569598204653,109.0,1945.0,0.0,1293.0,0.0,293.0,0.0,0.0,0.0,False
DEV32,public_Garl_rgb_event_full,equal_clip_60_sensitivity,1.0,307,PUBLIC_COHORT_NOT_OFFICIAL_TEST,197.57416230768163,0.0,65.91356664386451,0.0,61.459984746226056,0.0,,,136.34529246803672,,3640.0,0.0,0.0,136.3452924680367,109.0,1945.0,0.0,1293.0,0.0,293.0,0.0,0.0,0.0,False
FCWD,H8_median3,native,1.0,33,PUBLIC_COHORT_NOT_OFFICIAL_TEST,177.93786501669055,0.0,25.834793857243397,0.0,17.637855963167894,0.0,,,79.95179294486447,,597.0,0.0,0.0,79.95179294486441,99.0,201.0,0.0,189.0,0.0,108.0,0.0,0.0,0.0,False
FCWD,H8_median3,equal_clip_60_sensitivity,1.0,33,PUBLIC_COHORT_NOT_OFFICIAL_TEST,177.93786501669055,0.0,25.834793857243397,0.0,17.637855963167894,0.0,,,79.95179294486447,,597.0,0.0,0.0,79.95179294486441,99.0,201.0,0.0,189.0,0.0,108.0,0.0,0.0,0.0,False
FCWD,Direct_median3,native,1.0,33,PUBLIC_COHORT_NOT_OFFICIAL_TEST,183.27590675884807,0.0,24.63416145795027,0.0,19.279881208561783,0.0,,,84.45799201372883,,597.0,0.0,0.0,84.45799201372883,99.0,201.0,0.0,189.0,0.0,108.0,0.0,0.0,0.0,False
FCWD,Direct_median3,equal_clip_60_sensitivity,1.0,33,PUBLIC_COHORT_NOT_OFFICIAL_TEST,183.27590675884807,0.0,24.63416145795027,0.0,19.279881208561783,0.0,,,84.45799201372883,,597.0,0.0,0.0,84.45799201372883,99.0,201.0,0.0,189.0,0.0,108.0,0.0,0.0,0.0,False
FCWD,public_Garl_event_lhr,native,1.0,33,PUBLIC_COHORT_NOT_OFFICIAL_TEST,95.05682628034819,0.0,36.698338528127415,0.0,34.21178230631155,0.0,,,61.8165230943508,,597.0,0.0,0.0,61.81652309435083,99.0,201.0,0.0,189.0,0.0,108.0,0.0,0.0,0.0,False
FCWD,public_Garl_event_lhr,equal_clip_60_sensitivity,1.0,33,PUBLIC_COHORT_NOT_OFFICIAL_TEST,95.05682628034819,0.0,36.698338528127415,0.0,34.21178230631155,0.0,,,61.8165230943508,,597.0,0.0,0.0,61.81652309435083,99.0,201.0,0.0,189.0,0.0,108.0,0.0,0.0,0.0,False
FCWD,public_Garl_rgb_event_full,native,0.0,33,UNAVAILABLE_PREDICTIONS_RETAINED,,,,,,,,,,,,,,,,,,,,,,,,
FCWD,public_Garl_rgb_event_full,equal_clip_60_sensitivity,0.0,33,UNAVAILABLE_PREDICTIONS_RETAINED,,,,,,,,,,,,,,,,,,,,,,,,
