model,mode,measurements,planned_queries,inventory_complete,shared_gpu,scope,total_ms_p50,total_ms_p95,raw_read_ms_p50,raw_read_ms_p95,roi_voxel_ms_p50,roi_voxel_ms_p95,experts_transfers_ms_p50,experts_transfers_ms_p95,normalize_ms_p50,normalize_ms_p95,head_emission_ms_p50,head_emission_ms_p95,own_gpu_allocated_bytes_max,own_gpu_reserved_bytes_max
A5_ONLY_C0,application_hdf5_cold,64,64,True,True,supplied_roi_resident_estimator_raw_to_ttc,2452.9119499999997,7824.0733649999975,810.9600499999999,3361.8065749999982,1152.18365,4540.386379999996,188.0341,345.64915499999995,0.8283499999999999,1.9206599999999994,11.26885,31.38051999999996,38090752,278921216
A5_ONLY_C0,warm_block1,64,64,True,True,supplied_roi_resident_estimator_raw_to_ttc,2368.6492500000004,7927.992084999999,642.6748,2928.2130099999986,1213.3827999999999,4654.74086,162.98735,354.86649999999986,0.8289,2.076269999999996,10.7299,27.42776499999999,38090752,278921216
A5_ONLY_C0,warm_block2,64,64,True,True,supplied_roi_resident_estimator_raw_to_ttc,2305.4009,7471.2086899999995,638.84535,3140.512884999997,1237.6354000000001,4263.328724999997,183.29725000000002,377.0254649999999,0.79155,1.7044099999999995,10.8205,47.92205499999997,38090752,278921216
A5_PAIR_C0,application_hdf5_cold,64,64,True,True,supplied_roi_resident_estimator_raw_to_ttc,2411.9339,8099.425885,850.05955,2560.9556399999988,1186.7406,5109.562654999996,195.7575,417.2339549999998,0.8725,1.8693749999999996,11.15775,30.99491999999998,38090752,278921216
A5_PAIR_C0,warm_block1,64,64,True,True,supplied_roi_resident_estimator_raw_to_ttc,2305.3148,7085.522384999994,671.7032999999999,2476.1321949999997,1198.505,4463.703264999995,180.3742,352.46783499999987,0.83115,1.6203399999999997,10.90905,30.65304999999998,38090752,278921216
A5_PAIR_C0,warm_block2,64,64,True,True,supplied_roi_resident_estimator_raw_to_ttc,2327.8707000000004,7501.945174999999,591.7063499999999,2620.632095,1162.01145,4180.155419999997,190.93455,344.6378,0.77105,1.5944999999999994,12.607099999999999,29.375719999999998,38090752,278921216
C2F_ONLY_C0,application_hdf5_cold,64,64,True,True,supplied_roi_resident_estimator_raw_to_ttc,2703.3609,9251.024164999992,806.5118,3754.0190349999993,1260.1545,4670.276504999999,352.38205,608.5569199999998,0.83405,1.9421449999999996,10.9283,30.175209999999982,38090752,278921216
C2F_ONLY_C0,warm_block1,64,64,True,True,supplied_roi_resident_estimator_raw_to_ttc,2425.1012499999997,8185.288149999997,630.3505,2498.849669999999,1216.8987499999998,4501.758054999998,336.22180000000003,648.084765,0.8025500000000001,1.7360499999999999,10.937899999999999,28.99308,38090752,278921216
C2F_ONLY_C0,warm_block2,64,64,True,True,supplied_roi_resident_estimator_raw_to_ttc,2378.86195,8256.025849999998,601.8205,2763.695285,1203.7835,5282.436304999988,343.17075,573.1206549999998,0.84465,1.69189,11.25505,23.752619999999997,38090752,278921216
FULL_C0,application_hdf5_cold,64,64,True,True,supplied_roi_resident_estimator_raw_to_ttc,2770.8587500000003,8111.003865,699.0567,3196.1517849999955,1152.38645,5472.570149999995,513.00375,911.4056849999998,0.8103,1.5036749999999997,11.7573,34.259609999999974,38090752,278921216
FULL_C0,warm_block1,64,64,True,True,supplied_roi_resident_estimator_raw_to_ttc,2604.004,8477.078049999993,642.05935,3414.6528549999975,1187.272,5289.985584999994,485.03015,1117.5620399999998,0.84705,1.2981199999999995,11.93205,26.798434999999994,38090752,278921216
FULL_C0,warm_block2,64,64,True,True,supplied_roi_resident_estimator_raw_to_ttc,2626.10095,9336.863759999993,651.0964,2669.887335,1216.2489500000001,3926.749654999998,514.7902999999999,1127.743654999999,0.7766,1.6804399999999995,11.817499999999999,75.68419999999998,38090752,278921216
H16_SEED7,application_hdf5_cold,64,64,True,True,supplied_roi_resident_estimator_raw_to_ttc,4877.4132,15562.098939999994,1623.3345,5739.216149999999,2311.323,10343.89772499999,527.55135,937.5399449999999,0.57575,1.2695999999999994,17.18815,41.163264999999996,38090752,278921216
H16_SEED7,warm_block1,64,64,True,True,supplied_roi_resident_estimator_raw_to_ttc,4231.01835,13200.748989999998,1140.3669,4216.368049999998,2090.2800500000003,9323.30756499998,493.5359,872.6934899999998,0.5029,1.408239999999999,16.105800000000002,34.827299999999994,38090752,278921216
H16_SEED7,warm_block2,64,64,True,True,supplied_roi_resident_estimator_raw_to_ttc,4401.7159,15303.540984999981,1048.1279,4130.626194999999,2210.72095,10060.226834999981,500.98699999999997,1075.4379099999999,0.51525,1.0805899999999995,17.88245,42.01024999999999,38090752,278921216
H1_SEED7,application_hdf5_cold,64,64,True,True,supplied_roi_resident_estimator_raw_to_ttc,1428.04985,3291.3185499999986,408.60725,1302.0330949999995,309.05830000000003,1133.2794349999995,526.8168000000001,1138.2428399999994,0.5844,1.29954,5.48405,14.44730999999999,38090752,278921216
H1_SEED7,warm_block1,64,64,True,True,supplied_roi_resident_estimator_raw_to_ttc,1085.11405,2944.479839999998,210.14589999999998,1069.9022749999995,283.0422,1052.6143399999994,526.62635,867.8673649999995,0.60585,0.9278149999999998,5.18205,10.183594999999988,38090752,278921216
H1_SEED7,warm_block2,64,64,True,True,supplied_roi_resident_estimator_raw_to_ttc,1184.00125,2902.1273249999986,205.1633,1011.8150499999996,303.92920000000004,1090.7507449999991,504.6564,934.2284049999995,0.5367999999999999,1.0558849999999997,5.03125,9.851544999999998,38090752,278921216
H8_SEED7,application_hdf5_cold,64,64,True,True,supplied_roi_resident_estimator_raw_to_ttc,2799.74685,8352.941939999997,886.01235,3852.5801799999986,1232.0106,4784.346135,504.9859,898.2072449999996,0.5499,1.1828749999999995,10.923,26.52058999999999,38090752,278921216
H8_SEED7,warm_block1,64,64,True,True,supplied_roi_resident_estimator_raw_to_ttc,2563.5065000000004,9349.102154999999,644.81095,2941.160069999998,1258.6001,5618.561814999989,504.16015000000004,937.6933249999995,0.5945,1.146405,11.1901,27.374284999999972,38090752,278921216
H8_SEED7,warm_block2,64,64,True,True,supplied_roi_resident_estimator_raw_to_ttc,2635.4567500000003,8479.295264999992,648.6783,2769.4727799999987,1252.453,5160.807229999993,506.4707,969.07705,0.4925,0.98974,10.386,23.56363499999998,38090752,278921216
SET_AGE_C0,application_hdf5_cold,64,64,True,True,supplied_roi_resident_estimator_raw_to_ttc,2745.1993,8579.027659999998,852.4443,3230.605609999997,1195.4879,5109.21054,515.4011,1062.3917,0.75775,1.9989599999999992,5.1004000000000005,19.682659999999988,38090752,278921216
SET_AGE_C0,warm_block1,64,64,True,True,supplied_roi_resident_estimator_raw_to_ttc,2633.58295,7628.252894999999,581.7069,2635.309314999998,1172.9126999999999,4498.854969999995,505.51095,1154.8526749999992,0.8095,1.6380449999999998,5.13705,11.686879999999997,38090752,278921216
SET_AGE_C0,warm_block2,64,64,True,True,supplied_roi_resident_estimator_raw_to_ttc,2578.16515,8303.337254999999,652.8027,2784.9039749999993,1224.4286499999998,4259.370839999995,526.0105,997.5241949999993,0.812,1.77019,5.4172,11.584044999999993,38090752,278921216
SET_NOTIME_C0,application_hdf5_cold,64,64,True,True,supplied_roi_resident_estimator_raw_to_ttc,2878.1565,7701.253774999998,807.4063000000001,3173.335189999998,1247.2812,5508.816249999996,499.64734999999996,1241.1628199999993,0.9355,1.7570749999999988,5.70945,20.47986499999998,38090752,278921216
SET_NOTIME_C0,warm_block1,64,64,True,True,supplied_roi_resident_estimator_raw_to_ttc,2570.41605,7726.995825,584.0445,2497.9874149999987,1187.5657,4525.858454999995,520.50105,970.0970849999995,0.8228,1.5784799999999994,5.35765,11.14294499999999,38090752,278921216
SET_NOTIME_C0,warm_block2,64,64,True,True,supplied_roi_resident_estimator_raw_to_ttc,2709.7202500000003,7966.522934999996,673.4791,2501.4355,1246.62525,4675.668509999992,504.8132,846.5180449999997,0.7674,1.547275,5.1465,9.925804999999999,38090752,278921216
