model,OLD_DEV_evidence_model,OLD_DEV_MiD,warm_total_p95_block1_ms,warm_total_p95_block2_ms,application_hdf5_cold_total_p95_ms,runtime_scope,performance_causal_attribution,automatic_promotion,accuracy_scope,cost_scope
H1_SEED7,H1@7,132.83161914274606,2957.132375,3004.11195,3063.30995,shared_GPU_CPU_heads_supplied_ROI_resident_models,False,False,OLD_DEV_seed7_nine_sequences_three_folds,64_TRAIN_fold0_queries_three_inner_producer_families_shared_GPU
H8_SEED7,H8@7,121.64633225755645,11119.229524999999,10014.514375,11698.4141,shared_GPU_CPU_heads_supplied_ROI_resident_models,False,False,OLD_DEV_seed7_nine_sequences_three_folds,64_TRAIN_fold0_queries_three_inner_producer_families_shared_GPU
H16_SEED7,H16@7,118.86573891024781,21706.9766,19977.8049,21215.473525,shared_GPU_CPU_heads_supplied_ROI_resident_models,False,False,OLD_DEV_seed7_nine_sequences_three_folds,64_TRAIN_fold0_queries_three_inner_producer_families_shared_GPU
FULL_C0,FULL_C0,121.40470604724979,10967.939275,10493.350125,11618.893425,shared_GPU_CPU_heads_supplied_ROI_resident_models,False,False,OLD_DEV_seed7_nine_sequences_three_folds,64_TRAIN_fold0_queries_three_inner_producer_families_shared_GPU
A5_ONLY_C0,A5_ONLY_C0,127.78537635061485,10570.34895,10367.352149999999,11311.792,shared_GPU_CPU_heads_supplied_ROI_resident_models,False,False,OLD_DEV_seed7_nine_sequences_three_folds,64_TRAIN_fold0_queries_three_inner_producer_families_shared_GPU
C2F_ONLY_C0,C2F_ONLY_C0,126.70497421775464,11209.905425,10976.241425,13609.11895,shared_GPU_CPU_heads_supplied_ROI_resident_models,False,False,OLD_DEV_seed7_nine_sequences_three_folds,64_TRAIN_fold0_queries_three_inner_producer_families_shared_GPU
A5_PAIR_C0,A5_PAIR_C0,124.66873152432966,10425.267249999999,10966.54665,10653.419575,shared_GPU_CPU_heads_supplied_ROI_resident_models,False,False,OLD_DEV_seed7_nine_sequences_three_folds,64_TRAIN_fold0_queries_three_inner_producer_families_shared_GPU
SET_AGE_C0,SET_AGE_C0,122.4426042260956,10297.579275,10487.115600000001,11097.948124999999,shared_GPU_CPU_heads_supplied_ROI_resident_models,False,False,OLD_DEV_seed7_nine_sequences_three_folds,64_TRAIN_fold0_queries_three_inner_producer_families_shared_GPU
SET_NOTIME_C0,SET_NOTIME_C0,123.68659985760674,10434.7899,9685.206125,10793.795825000001,shared_GPU_CPU_heads_supplied_ROI_resident_models,False,False,OLD_DEV_seed7_nine_sequences_three_folds,64_TRAIN_fold0_queries_three_inner_producer_families_shared_GPU
