first,second,status,metric,first_minus_second,ci95_lower,ci95_upper,draws
H8_seed7,public_Garl_event_lhr,AVAILABLE,micro_rte_percent,3.3089929863554595,-3.3410244419476243,9.09476188611303,10000
H8_seed7,public_Garl_event_lhr,AVAILABLE,micro_mae_seconds,-0.3684473641155528,-0.8432719665906592,-0.0275369347375737,10000
H8_seed7,public_Garl_event_lhr,AVAILABLE,macro_sequence_rte_percent,3.389841310721767,-3.3410244419476243,9.094761886113028,10000
H8_seed7,public_Garl_event_lhr,AVAILABLE,macro_sequence_mae_seconds,-0.3640904174732156,-0.8432719665906592,-0.0275369347375737,10000
H8_seed13,public_Garl_event_lhr,AVAILABLE,micro_rte_percent,0.5192857641206388,-6.5388084069552015,6.276537849371934,10000
H8_seed13,public_Garl_event_lhr,AVAILABLE,micro_mae_seconds,-0.5488119228083861,-1.1241724359964054,-0.1546735373153698,10000
H8_seed13,public_Garl_event_lhr,AVAILABLE,macro_sequence_rte_percent,0.5975745590712727,-6.538808406955205,6.276537849371934,10000
H8_seed13,public_Garl_event_lhr,AVAILABLE,macro_sequence_mae_seconds,-0.5439041138437586,-1.1241724359964054,-0.1546735373153696,10000
H8_seed23,public_Garl_event_lhr,AVAILABLE,micro_rte_percent,0.5949512925862273,-6.798260619041407,6.92051143960348,10000
H8_seed23,public_Garl_event_lhr,AVAILABLE,micro_mae_seconds,-0.5769521558456776,-1.2199673423612292,-0.1207873018747993,10000
H8_seed23,public_Garl_event_lhr,AVAILABLE,macro_sequence_rte_percent,0.6827406488432963,-6.798260619041407,6.92051143960348,10000
H8_seed23,public_Garl_event_lhr,AVAILABLE,macro_sequence_mae_seconds,-0.5711597821723053,-1.2199673423612292,-0.1207873018747991,10000
