dataset,model,bin,n,MAE_s,RTE_percent,bias_s,sign_errors,AE_share,post_hoc_diagnostic
dev32,H8_seed7,0_1,119,2.345412482651241,266.9018885085658,1.9058223626663182,1,0.05632693162494023,True
dev32,H8_seed7,1_3,1826,1.1191308629664578,64.58940016484034,0.9023723822101068,9,0.4124122400205807,True
dev32,H8_seed7,3_6,1293,1.0871220100176744,26.49985020838218,0.564653134496231,0,0.28367869073173196,True
dev32,H8_seed7,6_10,293,1.5002192862754729,19.83613466080906,-0.9731799990727031,0,0.08870993581258547,True
dev32,H8_seed7,10_plus,109,7.222233347085226,52.23204019156057,-7.205227372082313,1,0.1588722018101616,True
dev32,H8_seed13,0_1,119,2.70498892381101,307.04047083943175,2.386230910472457,1,0.06339373339989998,True
dev32,H8_seed13,1_3,1826,1.1057075903947282,62.04098228581418,0.7288000490742619,12,0.3976261523220813,True
dev32,H8_seed13,3_6,1293,1.1925854317671611,28.641419532583004,0.634366236174594,0,0.3036839931304807,True
dev32,H8_seed13,6_10,293,1.5854352306709656,21.66918852504837,-0.6009027571477792,0,0.09148502299128787,True
dev32,H8_seed13,10_plus,109,6.69934013482805,48.16047242100141,-6.681504200690695,1,0.14381109815625015,True
dev32,H8_seed23,0_1,119,3.4151416440139295,386.9471245402457,3.1497577368180765,1,0.07665603070912447,True
dev32,H8_seed23,1_3,1826,1.141100240402396,64.842960402402,0.7892292598702837,13,0.393020510371626,True
dev32,H8_seed23,3_6,1293,1.2644301142631145,30.06803413976388,0.6447025839920467,1,0.30837843546930727,True
dev32,H8_seed23,6_10,293,1.7624368470860416,24.690896192835126,-0.26798055075083654,0,0.0974028870225371,True
dev32,H8_seed23,10_plus,109,6.057580137915164,43.35311893839011,-5.847288286253166,1,0.12454213642740522,True
dev32,public_Garl_event_lhr,0_1,119,4.459802360323725,512.0532829014053,2.8086650085518823,6,0.031975976140363266,True
dev32,public_Garl_event_lhr,1_3,1826,4.73554078721782,207.82854887736016,3.606395474640342,74,0.5209926440666471,True
dev32,public_Garl_event_lhr,3_6,1293,3.6412952176389926,90.20605783900194,-0.31351949056456196,63,0.2836714655380771,True
dev32,public_Garl_event_lhr,6_10,293,4.461789797949771,61.596945331590106,-2.510310090450196,17,0.07876584985397833,True
dev32,public_Garl_event_lhr,10_plus,109,12.881076421391572,104.27264863750545,-11.158367840854712,13,0.08459406440093388,True
dev32,public_Garl_rgb_event_full,0_1,119,3.0481022784402354,350.20427187913293,3.0463089536688384,0,0.0010543849045786865,True
dev32,public_Garl_rgb_event_full,1_3,1826,185.39605628498424,10251.864417547047,183.61736267414636,16,0.9840653667282229,True
dev32,public_Garl_rgb_event_full,3_6,1293,2.2451932981197897,53.97747016630728,-1.1095119666767979,11,0.008438688281500031,True
dev32,public_Garl_rgb_event_full,6_10,293,3.9106809954940998,57.15218428590789,-3.2697655353199306,11,0.0033307550407938023,True
dev32,public_Garl_rgb_event_full,10_plus,109,9.818013253694694,71.0462056047567,-6.675199440098996,6,0.003110805044904778,True
fcwd,H8_seed7,1_3,201,0.7593074890190951,48.953435156722904,0.7275821630581454,0,0.14380524651392762,True
fcwd,H8_seed7,3_6,189,0.5612271914576928,12.828850602899717,0.27406412563169213,0,0.09994509813726904,True
fcwd,H8_seed7,6_10,108,1.0655988879867129,12.941984309578947,-0.8179129051815046,0,0.10843725225804077,True
fcwd,H8_seed7,10_plus,99,6.944693354321418,44.092309881633426,-6.944693354321418,0,0.6478124030907625,True
fcwd,H8_seed13,1_3,201,0.6908108368968965,44.502743484689596,0.633325959492121,0,0.14560551784110898,True
fcwd,H8_seed13,3_6,189,0.540048116075254,12.327553835172617,0.20302089917769905,0,0.10703280166810043,True
fcwd,H8_seed13,6_10,108,0.9431599127902601,11.484373611080665,-0.6537431256512265,0,0.10681487168283128,True
fcwd,H8_seed13,10_plus,99,6.170111941245037,38.852924618428794,-6.170111941245037,0,0.6405468088079591,True
fcwd,H8_seed23,1_3,201,0.695349239922373,44.7794291001637,0.6512652174697348,0,0.1491903409033869,True
fcwd,H8_seed23,3_6,189,0.5588255699665932,12.701367404988844,0.30423636390591824,0,0.11274044340447063,True
fcwd,H8_seed23,6_10,108,0.9893118000661713,12.080726009704252,-0.6723384105370569,0,0.11405087178649916,True
fcwd,H8_seed23,10_plus,99,5.905008095359731,37.383244699611105,-5.905008095359731,0,0.6240183439056431,True
fcwd,public_Garl_event_lhr,1_3,201,0.32724337133369047,19.306651776556652,0.16592335362402344,0,0.051336694833120707,True
fcwd,public_Garl_event_lhr,3_6,189,0.9536100830206443,21.460045305966077,0.2782033660883288,0,0.1406674541164909,True
fcwd,public_Garl_event_lhr,6_10,108,1.8971394507087922,22.919631798263982,-1.5916813125086622,1,0.15991308420603872,True
fcwd,public_Garl_event_lhr,10_plus,99,8.387533927577671,56.96759189074131,-8.100635640225194,7,0.6480827668443496,True
