dataset,model,n,MAE,RTE,median,RMSE,sign_errors,p95_AE,n_cap60,above60
dev32,H8_seed7,3640,1.361283924691238,53.70086692017943,0.7218486548063356,3.4753928964291,11,3.8221825292819855,6,0
dev32,H8_seed13,3640,1.394969588613207,54.52103540416132,0.6992462247615228,3.6177486367623883,14,4.047124998805358,4,0
dev32,H8_seed23,3640,1.456491555929561,59.14501214466351,0.7020513066353757,4.003137581802338,16,4.158591315892949,5,0
dev32,public_Garl_event_lhr,3640,4.55971165260342,161.12069433648367,0.9578366008360603,83.89608032982709,173,9.483596034900382,22,22
dev32,public_Garl_rgb_event_full,3640,94.509601884153,5180.181656628092,0.6614158970779118,5561.621766218054,44,5.037360948798389,11,11
fcwd,H8_seed7,597,1.7777254044534798,30.196258315185233,0.6749509534230853,3.5879012940436814,0,7.502059992134695,0,0
fcwd,H8_seed13,597,1.5973608457606467,27.406551092950412,0.5797485286451138,3.2579921689365676,0,6.705554443299541,0,0
fcwd,H8_seed23,597,1.5692206127233552,27.482216621416,0.597822276902571,3.1092309967088427,0,6.388379879715209,0,0
fcwd,public_Garl_event_lhr,597,2.146172768569033,26.887265328829777,0.6017179625853717,5.071570167221669,8,8.830560158624218,0,0
