pilot,variant,sequence,total_ms
gpu_warp_pilot,garl_event,2Y46OkK3ff,663.3801000425592
gpu_warp_pilot,garl_event,6WCDpro5rE,649.3397000012919
gpu_warp_pilot,h8_reference,2Y46OkK3ff,1068.7885000370443
gpu_warp_pilot,h8_reference,6WCDpro5rE,911.5168999996968
gpu_warp_pilot,h8_reuse,2Y46OkK3ff,972.50889998395
gpu_warp_pilot,h8_reuse,6WCDpro5rE,1143.7712999759242
gpu_warp_pilot,h8_warp,2Y46OkK3ff,1065.0344000314362
gpu_warp_pilot,h8_warp,6WCDpro5rE,1053.3441999577915
gpu_warp_pilot,h8_warp_student,2Y46OkK3ff,2244.5239999797195
gpu_warp_pilot,h8_warp_student,6WCDpro5rE,774.5187999680638
live_roi_pilot,garl_event,2Y46OkK3ff,868.0260000401177
live_roi_pilot,garl_event,6WCDpro5rE,810.4687999584712
live_roi_pilot,h8_reference,2Y46OkK3ff,5002.142399956938
live_roi_pilot,h8_reference,6WCDpro5rE,1361.268899985589
live_roi_pilot,h8_warp,2Y46OkK3ff,2199.056199984625
live_roi_pilot,h8_warp,6WCDpro5rE,1396.9984000432305
live_roi_pilot,h8_warp_student,2Y46OkK3ff,2340.321199968457
live_roi_pilot,h8_warp_student,6WCDpro5rE,967.5245000398718
isolated_roi_graph,garl_event,2Y46OkK3ff,165.62920005526394
isolated_roi_graph,garl_event,6WCDpro5rE,158.86110003339127
isolated_roi_graph,h8_reference,2Y46OkK3ff,519.4031000719406
isolated_roi_graph,h8_reference,6WCDpro5rE,233.4796999930404
isolated_roi_graph,h8_warp,2Y46OkK3ff,548.675500031095
isolated_roi_graph,h8_warp,6WCDpro5rE,232.80629998771477
isolated_roi_graph,h8_warp_b2,2Y46OkK3ff,777.9847000492737
isolated_roi_graph,h8_warp_b2,6WCDpro5rE,225.6997000076808
isolated_roi_graph,h8_warp_graph_b2,2Y46OkK3ff,15972.36980003072
isolated_roi_graph,h8_warp_graph_b2,6WCDpro5rE,713.5548000223935
isolated_roi_graph,h8_warp_student,2Y46OkK3ff,1175.5062000011094
isolated_roi_graph,h8_warp_student,6WCDpro5rE,172.3264000029303
isolated_fixed,garl_event,2Y46OkK3ff,259.6664000302553
isolated_fixed,garl_event,6WCDpro5rE,79.86630004597828
isolated_fixed,garl_event_graph,2Y46OkK3ff,1389.9290000554174
isolated_fixed,garl_event_graph,6WCDpro5rE,103.53520000353456
isolated_fixed,garl_event_native_input,2Y46OkK3ff,122.82009999034926
isolated_fixed,garl_event_native_input,6WCDpro5rE,262.5483999727294
isolated_fixed,h8_reference,2Y46OkK3ff,439.1266999882646
isolated_fixed,h8_reference,6WCDpro5rE,169.2198000382632
isolated_fixed,h8_warp,2Y46OkK3ff,424.4136000052095
isolated_fixed,h8_warp,6WCDpro5rE,158.97649998078123
isolated_fixed,h8_warp_graph_fixed,2Y46OkK3ff,12362.294999998994
isolated_fixed,h8_warp_graph_fixed,6WCDpro5rE,200.68030001129955
isolated_fixed,h8_warp_student,2Y46OkK3ff,674.3543999618851
isolated_fixed,h8_warp_student,6WCDpro5rE,132.0603999774903
