variant,ordinal,sample_token,sequence,truth_ttc,ttc,seeds_ttc,history,valid_observations,reused,computed,reset,source_anchors,max_time_approximation_us,min_source_roi_iou,cpu_ms,producer_ms,head_and_commit_ms,total_ms,prep_lookup_warp_ms,prep_read_ms,prep_crop_map_ms,prep_encode_cache_ms,prep_stack_ms,observations_encoded,unique_windows,voxel_misses,voxel_hits,approximate_voxel_hits,retained_voxel_bytes,retained_raw_bytes,input_ingest_ms,input_cold_refill,packet_ring_bytes
h8_reference,0,2Y46OkK3ff_000001_1564300000,2Y46OkK3ff,7.408306406514889,7.264461040496826,"[7.101363182067871, 7.488949298858643, 7.264461040496826]",8.0,8.0,0,8,True,"[275098822, 275148822, 275198822, 275248822, 275298822, 275348822, 275398822, 275448822]",0.0,1.0,1636.9921999867074,3228.413999953773,136.7362000164576,5002.142399956938,0.1577000366523862,281.0296000097878,85.89909999864176,1008.9736999943852,19.044099957682192,8.0,24.0,24.0,0.0,0.0,16515072.0,0.0,230.83469999255612,True,68405805
h8_warp_student,0,2Y46OkK3ff_000001_1564300000,2Y46OkK3ff,7.408306406514889,7.011889934539795,"[7.011889934539795, 7.110005855560303, 6.998813152313232]",8.0,8.0,0,8,True,"[275098822, 275148822, 275198822, 275248822, 275298822, 275348822, 275398822, 275448822]",0.0,1.0,2056.427099974826,185.49419997725636,98.39990001637489,2340.321199968457,0.24690001737326384,574.506500037387,153.04530004505068,1080.8648000238463,7.726799987722188,8.0,24.0,24.0,0.0,0.0,16515072.0,0.0,230.83469999255612,True,68405805
garl_event,0,2Y46OkK3ff_000001_1564300000,2Y46OkK3ff,7.408306406514889,5.562829494476318,,,,0,1,,,,,627.5360999861732,240.48990005394444,,868.0260000401177,,,,,,,,,,,,,230.83469999255612,True,68405805
h8_warp,0,2Y46OkK3ff_000001_1564300000,2Y46OkK3ff,7.408306406514889,7.264461040496826,"[7.101363182067871, 7.488949298858643, 7.264461040496826]",8.0,8.0,0,8,True,"[275098822, 275148822, 275198822, 275248822, 275298822, 275348822, 275398822, 275448822]",0.0,1.0,1941.1983999889344,225.19539995118976,32.66240004450083,2199.056199984625,0.1965999836102128,593.9224000321701,142.93080003699288,949.2017999873497,15.977500006556511,8.0,24.0,24.0,0.0,0.0,16515072.0,0.0,230.83469999255612,True,68405805
h8_warp,1,2Y46OkK3ff_000001_1584500000,2Y46OkK3ff,-6.815844254128763,-6.449856758117676,"[-7.268357753753662, -6.449856758117676, -6.416436195373535]",8.0,8.0,0,8,False,"[295299103, 295349103, 295399103, 295449103, 295499103, 295549103, 295599103, 295649103]",0.0,1.0,1151.0967999929562,564.1691000200808,94.0335999475792,1809.2994999606162,0.602399988565594,289.62950001005083,54.28290000418201,656.5113999531604,14.742599974852055,8.0,24.0,24.0,0.0,0.0,16515072.0,0.0,131.191199994646,True,43603479
garl_event,1,2Y46OkK3ff_000001_1584500000,2Y46OkK3ff,-6.815844254128763,-6.368563652038574,,,,0,1,,,,,334.2172999982722,52.062799979466945,,386.28009997773916,,,,,,,,,,,,,131.191199994646,True,43603479
h8_warp_student,1,2Y46OkK3ff_000001_1584500000,2Y46OkK3ff,-6.815844254128763,-6.430967807769775,"[-6.837582588195801, -6.430967807769775, -6.255527973175049]",8.0,8.0,0,8,False,"[295299103, 295349103, 295399103, 295449103, 295499103, 295549103, 295599103, 295649103]",0.0,1.0,867.017799988389,102.3441000143066,35.98839999176562,1005.3502999944612,0.7030999986454844,274.9475000309758,35.3338000131771,413.0976999877021,8.380700019188225,8.0,24.0,24.0,0.0,0.0,16515072.0,0.0,131.191199994646,True,43603479
h8_reference,1,2Y46OkK3ff_000001_1584500000,2Y46OkK3ff,-6.815844254128763,-6.449856758117676,"[-7.268357753753662, -6.449856758117676, -6.416436195373535]",8.0,8.0,0,8,False,"[295299103, 295349103, 295399103, 295449103, 295499103, 295549103, 295599103, 295649103]",0.0,1.0,942.195899959188,494.24420000286773,99.8997000278905,1536.3397999899462,0.06649998249486089,147.0543000032194,40.83480004919693,612.5821000314318,6.576500018127263,8.0,24.0,24.0,0.0,0.0,16515072.0,0.0,131.191199994646,True,43603479
h8_warp_student,2,2Y46OkK3ff_000001_1584600000,2Y46OkK3ff,-7.273032204611934,-6.711176872253418,"[-6.711176872253418, -7.051519870758057, -6.614956855773926]",8.0,8.0,6,2,False,"[295399103, 295449103, 295499103, 295549103, 295599103, 295649103, 295699104, 295749104]",1.0,0.9495294069294316,440.8504000166431,197.07619998371229,95.23680002894253,733.1634000292979,17.122399993240833,219.93189997738227,41.56450001755729,125.94230001559481,5.93980000121519,2.0,6.0,4.0,2.0,2.0,16515072.0,0.0,27.25240000290796,False,51053292
h8_warp,2,2Y46OkK3ff_000001_1584600000,2Y46OkK3ff,-7.273032204611934,-6.757270336151123,"[-6.757270336151123, -6.922973155975342, -6.730155944824219]",8.0,8.0,6,2,False,"[295399103, 295449103, 295499103, 295549103, 295599103, 295649103, 295699104, 295749104]",1.0,0.9495294069294316,394.21960001345724,437.5349000329152,79.32620000792667,911.0807000542991,14.090700016822666,207.59120001457632,32.924900006037205,104.59539998555556,5.075099994428456,2.0,6.0,4.0,2.0,2.0,16515072.0,0.0,27.25240000290796,False,51053292
garl_event,2,2Y46OkK3ff_000001_1584600000,2Y46OkK3ff,-7.273032204611934,-16.67848014831543,,,,0,1,,,,,159.33219995349646,50.80620001535863,,210.13839996885508,,,,,,,,,,,,,27.25240000290796,False,51053292
h8_reference,2,2Y46OkK3ff_000001_1584600000,2Y46OkK3ff,-7.273032204611934,-6.831767559051514,"[-6.831767559051514, -6.977236747741699, -6.687931537628174]",8.0,8.0,0,8,False,"[295399104, 295449104, 295499104, 295549104, 295599104, 295649104, 295699104, 295749104]",0.0,1.0,1006.7808000021614,477.8603999875486,108.51629998069257,1593.1574999704026,0.14080002438277006,302.7847000048496,57.04949999926612,602.1815999993123,13.48280004458502,8.0,24.0,24.0,0.0,0.0,16515072.0,0.0,27.25240000290796,False,51053292
h8_reference,3,2Y46OkK3ff_000001_1584700000,2Y46OkK3ff,-7.724049355074306,-6.911182880401611,"[-7.085460186004639, -6.911182880401611, -6.765498161315918]",8.0,8.0,0,8,False,"[295499106, 295549106, 295599106, 295649106, 295699106, 295749106, 295799106, 295849106]",0.0,1.0,1102.9012999497354,570.6146000302397,97.88680000929162,1771.4026999892667,0.13840000610798597,310.9588000224903,63.226600002963096,689.0168000245467,11.292100010905415,8.0,24.0,24.0,0.0,0.0,16515072.0,0.0,24.143299960996956,False,58949127
h8_warp,3,2Y46OkK3ff_000001_1584700000,2Y46OkK3ff,-7.724049355074306,-7.27813720703125,"[-7.3715620040893555, -7.27813720703125, -7.211549758911133]",8.0,8.0,6,2,False,"[295499103, 295549103, 295599103, 295649103, 295699104, 295749104, 295799106, 295849106]",3.0,0.9055979160448268,180.28629996115342,500.729399966076,113.03330003283918,794.0489999600686,33.15730002941564,63.892000005580485,4.714999988209456,48.210499982815236,4.48629999300465,2.0,6.0,2.0,4.0,4.0,16515072.0,0.0,24.143299960996956,False,58949127
garl_event,3,2Y46OkK3ff_000001_1584700000,2Y46OkK3ff,-7.724049355074306,-19.376361846923828,,,,0,1,,,,,183.6463999352418,65.04910002695397,,248.69549996219575,,,,,,,,,,,,,24.143299960996956,False,58949127
h8_warp_student,3,2Y46OkK3ff_000001_1584700000,2Y46OkK3ff,-7.724049355074306,-6.928232669830322,"[-6.863944053649902, -7.080323696136475, -6.928232669830322]",8.0,8.0,6,2,False,"[295499103, 295549103, 295599103, 295649103, 295699104, 295749104, 295799106, 295849106]",3.0,0.9055979160448268,219.2947999574244,207.51450001262128,124.08390000928193,550.8931999793276,35.90169997187331,85.32250003190711,7.252099981997162,58.53969999589026,5.730499979108572,2.0,6.0,2.0,4.0,4.0,16515072.0,0.0,24.143299960996956,False,58949127
h8_warp,4,2Y46OkK3ff_000001_1584800000,2Y46OkK3ff,-8.127254837935865,-6.876184463500977,"[-6.876184463500977, -7.02353572845459, -6.745028495788574]",8.0,8.0,6,2,False,"[295599103, 295649103, 295699104, 295749104, 295799106, 295849106, 295899107, 295949107]",4.0,0.8959215907783391,468.18440000060946,562.0303999749012,113.91610000282526,1144.130899978336,18.57479999307543,238.33989998092875,37.59680001530796,124.28789999103174,5.511900002602488,2.0,6.0,4.0,2.0,2.0,16515072.0,0.0,39.668999961577356,False,68891634
h8_warp_student,4,2Y46OkK3ff_000001_1584800000,2Y46OkK3ff,-8.127254837935865,-6.859704971313477,"[-6.815380573272705, -6.969727516174316, -6.859704971313477]",8.0,8.0,6,2,False,"[295599103, 295649103, 295699104, 295749104, 295799106, 295849106, 295899107, 295949107]",4.0,0.8959215907783391,468.2224999414757,176.32660001982003,105.27539998292923,749.824499944225,18.344299984164536,244.75340003846213,35.54700000677258,120.35089998971671,6.690400012303144,2.0,6.0,4.0,2.0,2.0,16515072.0,0.0,39.668999961577356,False,68891634
garl_event,4,2Y46OkK3ff_000001_1584800000,2Y46OkK3ff,-8.127254837935865,-6.5513482093811035,,,,0,1,,,,,196.90969993826002,49.71180000575259,,246.6214999440126,,,,,,,,,,,,,39.668999961577356,False,68891634
h8_reference,4,2Y46OkK3ff_000001_1584800000,2Y46OkK3ff,-8.127254837935865,-6.82163143157959,"[-6.82163143157959, -7.043178081512451, -6.608658313751221]",8.0,8.0,0,8,False,"[295599107, 295649107, 295699107, 295749107, 295799107, 295849107, 295899107, 295949107]",0.0,1.0,1311.7968999431469,619.1204999922775,112.36850003479049,2043.2858999702148,0.33919996349141,419.707200024277,72.01299996813759,760.9485000139102,14.619599969591945,8.0,24.0,24.0,0.0,0.0,16515072.0,0.0,39.668999961577356,False,68891634
garl_event,5,2Y46OkK3ff_000001_1584900000,2Y46OkK3ff,-8.672875498146386,-5.982547283172607,,,,0,1,,,,,309.7401999984868,46.1178999976255,,355.8580999961123,,,,,,,,,,,,,117.24689998663962,False,76252698
h8_warp_student,5,2Y46OkK3ff_000001_1584900000,2Y46OkK3ff,-8.672875498146386,-7.0711541175842285,"[-7.0711541175842285, -7.387931823730469, -6.821017742156982]",8.0,8.0,6,2,False,"[295699104, 295749104, 295799106, 295849106, 295899107, 295949107, 295999108, 296049108]",4.0,0.89349031605977,343.33679993869737,202.96570000937209,121.15140003152192,667.4538999795914,46.93130002124235,100.75069998856634,9.45259997388348,60.91510003898293,5.674800020642579,2.0,6.0,2.0,4.0,4.0,16515072.0,0.0,117.24689998663962,False,76252698
h8_reference,5,2Y46OkK3ff_000001_1584900000,2Y46OkK3ff,-8.672875498146386,-7.078493595123291,"[-7.078493595123291, -7.343997001647949, -6.990063190460205]",8.0,8.0,0,8,False,"[295699108, 295749108, 295799108, 295849108, 295899108, 295949108, 295999108, 296049108]",0.0,1.0,1385.4028999921866,589.5656999782659,117.71229997975752,2092.68089995021,0.145500001963228,445.7978999707848,71.57359999837354,729.2920999461785,16.077400010544807,8.0,24.0,24.0,0.0,0.0,16515072.0,0.0,117.24689998663962,False,76252698
h8_warp,5,2Y46OkK3ff_000001_1584900000,2Y46OkK3ff,-8.672875498146386,-6.883968830108643,"[-6.883968830108643, -7.010711193084717, -6.661469459533691]",8.0,8.0,6,2,False,"[295699104, 295749104, 295799106, 295849106, 295899107, 295949107, 295999108, 296049108]",4.0,0.89349031605977,341.3515000138432,677.7603999944404,118.73529996955767,1137.8471999778412,42.238199966959655,100.19509994890541,9.299300028942525,63.44820000231266,7.143600028939545,2.0,6.0,2.0,4.0,4.0,16515072.0,0.0,117.24689998663962,False,76252698
h8_warp,6,6WCDpro5rE_000003_5506700000,6WCDpro5rE,2.75383940447063,3.3214190006256104,"[3.3214190006256104, 3.565730094909668, 3.296064853668213]",8.0,1.0,0,1,True,[278246920],0.0,1.0,749.0568000357598,571.7353000072762,76.20630000019446,1396.9984000432305,0.12690003495663404,388.82690004538745,6.676299963146448,54.78029994992539,2.098299970384687,1.0,3.0,3.0,0.0,0.0,2359296.0,0.0,295.8670000080019,True,81637695
h8_warp_student,6,6WCDpro5rE_000003_5506700000,6WCDpro5rE,2.75383940447063,3.5567209720611572,"[3.5567209720611572, 3.748443126678467, 3.4824676513671875]",8.0,1.0,0,1,True,[278246920],0.0,1.0,719.1021000035107,173.54960000375286,74.87280003260821,967.5245000398718,0.13230001786723733,354.5450000092387,8.710499969311059,56.05339998146519,3.0469000339508057,1.0,3.0,3.0,0.0,0.0,2359296.0,0.0,295.8670000080019,True,81637695
garl_event,6,6WCDpro5rE_000003_5506700000,6WCDpro5rE,2.75383940447063,3.675812244415283,,,,0,1,,,,,752.2280999692157,58.24069998925552,,810.4687999584712,,,,,,,,,,,,,295.8670000080019,True,81637695
h8_reference,6,6WCDpro5rE_000003_5506700000,6WCDpro5rE,2.75383940447063,3.3214190006256104,"[3.3214190006256104, 3.565730094909668, 3.296064853668213]",8.0,1.0,0,1,True,[278246920],0.0,1.0,749.6689999825321,531.3849000376649,80.21499996539205,1361.268899985589,0.07440004264935851,353.37530000833794,9.301999991293997,59.13220002548769,2.147099992725998,1.0,3.0,3.0,0.0,0.0,2359296.0,0.0,295.8670000080019,True,81637695
h8_warp_student,7,6WCDpro5rE_000003_5506800000,6WCDpro5rE,2.77272594511355,3.237431764602661,"[3.3464386463165283, 3.237431764602661, 3.2347171306610107]",8.0,3.0,1,2,False,"[278246920, 278296921, 278346921]",1.0,0.9455885850178359,741.0217000287957,196.1629999568686,90.37660004105419,1027.5613000267185,11.60700002219528,467.55050000501797,11.760700028389692,101.56420001294464,6.056400015950203,2.0,6.0,5.0,1.0,1.0,6291456.0,0.0,141.46030001575127,False,116369595
h8_warp,7,6WCDpro5rE_000003_5506800000,6WCDpro5rE,2.77272594511355,3.0930988788604736,"[3.149139881134033, 3.034679889678955, 3.0930988788604736]",8.0,3.0,1,2,False,"[278246920, 278296921, 278346921]",1.0,0.9455885850178359,653.5692000179552,310.1765000028536,44.365799985826015,1008.1115000066347,10.080499981995672,401.6793000046164,8.922299952246249,84.15289997356012,6.286499963607639,2.0,6.0,5.0,1.0,1.0,6291456.0,0.0,141.46030001575127,False,116369595
garl_event,7,6WCDpro5rE_000003_5506800000,6WCDpro5rE,2.77272594511355,3.5851893424987793,,,,0,1,,,,,492.06359998788685,35.03680002177134,,527.1004000096582,,,,,,,,,,,,,141.46030001575127,False,116369595
h8_reference,7,6WCDpro5rE_000003_5506800000,6WCDpro5rE,2.77272594511355,3.170107364654541,"[3.2189555168151855, 3.108761787414551, 3.170107364654541]",8.0,3.0,0,3,False,"[278246921, 278296921, 278346921]",0.0,1.0,723.0417000246234,568.8869999721646,65.89849997544661,1357.8271999722347,0.07269997149705887,410.8771999599412,7.776900019962341,155.27580003254116,7.31159996939823,3.0,9.0,9.0,0.0,0.0,9437184.0,0.0,141.46030001575127,False,116369595
h8_warp_student,8,6WCDpro5rE_000003_5506900000,6WCDpro5rE,2.82733387877561,3.446580410003662,"[3.446580410003662, 3.439436912536621, 3.4475557804107666]",8.0,5.0,3,2,False,"[278246920, 278296921, 278346921, 278396922, 278446922]",2.0,0.8719354414280075,375.6440000142902,194.9603999964893,84.81739996932447,655.421799980104,32.11580001516268,200.5677999695763,3.4836999839171767,35.0536999758333,6.075899989809841,2.0,6.0,2.0,4.0,4.0,7864320.0,0.0,97.0812999876216,False,151047900
h8_warp,8,6WCDpro5rE_000003_5506900000,6WCDpro5rE,2.82733387877561,3.2348015308380127,"[3.2348015308380127, 3.2064285278320312, 3.263753890991211]",8.0,5.0,3,2,False,"[278246920, 278296921, 278346921, 278396922, 278446922]",2.0,0.8719354414280075,334.69559997320175,206.2275999924168,30.681500036735088,571.6047000023536,25.17530001932755,180.03619997762144,2.6227000053040683,25.332799996249378,3.3764999825507402,2.0,6.0,2.0,4.0,4.0,7864320.0,0.0,97.0812999876216,False,151047900
h8_reference,8,6WCDpro5rE_000003_5506900000,6WCDpro5rE,2.82733387877561,3.119511604309082,"[3.119511604309082, 3.0869357585906982, 3.1222083568573]",8.0,5.0,0,5,False,"[278246922, 278296922, 278346922, 278396922, 278446922]",0.0,1.0,668.3812999981456,478.8754999754019,60.261900012847036,1207.5186999863945,0.051099981646984816,399.1146999760531,8.370199997443706,157.33120002551004,6.229199992958456,5.0,15.0,15.0,0.0,0.0,16515072.0,0.0,97.0812999876216,False,151047900
garl_event,8,6WCDpro5rE_000003_5506900000,6WCDpro5rE,2.82733387877561,3.5259289741516113,,,,0,1,,,,,430.27209996944293,44.22089998843148,,474.4929999578744,,,,,,,,,,,,,97.0812999876216,False,151047900
h8_reference,9,6WCDpro5rE_000003_5507000000,6WCDpro5rE,2.8604847250638437,3.7810230255126953,"[3.792057752609253, 3.734088659286499, 3.7810230255126953]",8.0,7.0,0,7,False,"[278246924, 278296924, 278346924, 278396924, 278446924, 278496924, 278546924]",0.0,1.0,1959.4993999926373,649.9876999878325,126.56260002404451,2736.0497000045143,0.1976000494323671,1324.2740000132471,35.82340001594275,468.99439999833703,14.328799967188388,7.0,21.0,21.0,0.0,0.0,16515072.0,0.0,114.32779999449849,False,185621454
garl_event,9,6WCDpro5rE_000003_5507000000,6WCDpro5rE,2.8604847250638437,3.3626461029052734,,,,0,1,,,,,463.2407000171952,58.00469999667257,,521.2454000138678,,,,,,,,,,,,,114.32779999449849,False,185621454
h8_warp_student,9,6WCDpro5rE_000003_5507000000,6WCDpro5rE,2.8604847250638437,3.6378159523010254,"[3.6529266834259033, 3.591634750366211, 3.6378159523010254]",8.0,7.0,5,2,False,"[278246920, 278296921, 278346921, 278396922, 278446922, 278496924, 278546924]",4.0,0.8382948220610559,374.3208000087179,149.35339998919517,88.06019998155534,611.7343999794684,20.637699984945357,191.08879996929318,4.4231999781914055,35.428699979092926,7.353599998168647,2.0,6.0,2.0,4.0,4.0,9437184.0,0.0,114.32779999449849,False,185621454
h8_warp,9,6WCDpro5rE_000003_5507000000,6WCDpro5rE,2.8604847250638437,3.4569144248962402,"[3.4569144248962402, 3.431583881378174, 3.4701128005981445]",8.0,7.0,5,2,False,"[278246920, 278296921, 278346921, 278396922, 278446922, 278496924, 278546924]",4.0,0.8382948220610559,342.3598000081256,437.0549999875948,118.16479999106377,897.5795999867842,13.63220001803711,164.96669995831326,4.607299983035773,37.57020004559308,6.301900022663176,2.0,6.0,2.0,4.0,4.0,9437184.0,0.0,114.32779999449849,False,185621454
h8_reference,10,6WCDpro5rE_000003_5507100000,6WCDpro5rE,2.931050750080546,3.3057925701141357,"[3.287945508956909, 3.3057925701141357, 3.3156774044036865]",8.0,8.0,0,8,False,"[278296925, 278346925, 278396925, 278446925, 278496925, 278546925, 278596925, 278646925]",0.0,1.0,1946.725299989339,600.6815999862738,110.68459996022284,2658.0914999358356,0.10090001160278916,1207.8317999839783,34.82950001489371,548.9850000012666,15.50500001758337,8.0,24.0,24.0,0.0,0.0,16515072.0,0.0,136.7704999865964,False,219987837
h8_warp_student,10,6WCDpro5rE_000003_5507100000,6WCDpro5rE,2.931050750080546,3.8973498344421387,"[3.8973498344421387, 3.8674116134643555, 3.9293015003204346]",8.0,8.0,6,2,False,"[278296921, 278346921, 278396922, 278446922, 278496924, 278546924, 278596925, 278646925]",4.0,0.8422127864124339,764.3268000101671,207.4006000184454,101.9273999845609,1073.6548000131734,26.650500018149614,515.0597000028938,7.935600006021559,70.90140000218526,5.263599974568933,2.0,6.0,4.0,2.0,2.0,12582912.0,0.0,136.7704999865964,False,219987837
h8_warp,10,6WCDpro5rE_000003_5507100000,6WCDpro5rE,2.931050750080546,3.4956164360046387,"[3.4338996410369873, 3.4956164360046387, 3.5350289344787598]",8.0,8.0,6,2,False,"[278296921, 278346921, 278396922, 278446922, 278496924, 278546924, 278596925, 278646925]",4.0,0.8422127864124339,690.6506999512203,346.30410000681877,45.687400037422776,1082.6421999954619,12.69290002528578,468.86199997970834,4.0466999635100365,59.57230000058189,6.503100041300058,2.0,6.0,4.0,2.0,2.0,12582912.0,0.0,136.7704999865964,False,219987837
garl_event,10,6WCDpro5rE_000003_5507100000,6WCDpro5rE,2.931050750080546,2.6752374172210693,,,,0,1,,,,,480.1173000014387,49.16120000416413,,529.2785000056028,,,,,,,,,,,,,136.7704999865964,False,219987837
h8_reference,11,6WCDpro5rE_000003_5507200000,6WCDpro5rE,3.0374922942029956,3.255394458770752,"[3.255394458770752, 3.2495458126068115, 3.3109121322631836]",8.0,8.0,0,8,False,"[278396926, 278446926, 278496926, 278546926, 278596926, 278646926, 278696926, 278746926]",0.0,1.0,1157.206000003498,561.9997999747284,133.8063000002876,1853.012099978514,0.08739996701478958,585.6310999952257,16.531000030227005,408.5876999888569,14.331999991554767,8.0,24.0,24.0,0.0,0.0,16515072.0,0.0,130.4486999870278,False,253952748
h8_warp,11,6WCDpro5rE_000003_5507200000,6WCDpro5rE,3.0374922942029956,3.4797794818878174,"[3.444751024246216, 3.4797794818878174, 3.5025136470794678]",8.0,8.0,6,2,False,"[278396922, 278446922, 278496924, 278546924, 278596925, 278646925, 278696926, 278746926]",4.0,0.8688081085200426,485.26039998978376,575.4731000051834,98.90500002074987,1159.638500015717,48.44099999172613,243.59379999805242,7.173399964813143,46.788500039838254,6.409199966583401,2.0,6.0,2.0,4.0,4.0,14155776.0,0.0,130.4486999870278,False,253952748
garl_event,11,6WCDpro5rE_000003_5507200000,6WCDpro5rE,3.0374922942029956,3.126455307006836,,,,0,1,,,,,490.8549999818206,43.84860000573099,,534.7035999875516,,,,,,,,,,,,,130.4486999870278,False,253952748
h8_warp_student,11,6WCDpro5rE_000003_5507200000,6WCDpro5rE,3.0374922942029956,3.8972859382629395,"[3.9258761405944824, 3.833922863006592, 3.8972859382629395]",8.0,8.0,6,2,False,"[278396922, 278446922, 278496924, 278546924, 278596925, 278646925, 278696926, 278746926]",4.0,0.8688081085200426,468.96720002405345,157.52639999845996,37.34509996138513,663.8386999838986,37.88019996136427,239.38299994915724,7.430600002408028,44.66889996547252,7.482499990146607,2.0,6.0,2.0,4.0,4.0,14155776.0,0.0,130.4486999870278,False,253952748
