query_id,sequence_id,scenario_family,system,stage,iteration,warmup,milliseconds,status
CCRs-1-high-0-overlap-0:00,CCRs-1-high-0-overlap-0,CCRs-1,h8_system_three_heads,cpu_prepare,0,true,905.588200025,OK
CCRs-1-high-0-overlap-0:00,CCRs-1-high-0-overlap-0,CCRs-1,garl_event_only_shared_preparation,cpu_prepare,0,true,905.588200025,OK
CCRs-1-high-0-overlap-0:00,CCRs-1-high-0-overlap-0,CCRs-1,h8_system_three_heads,cpu_prepare,1,false,547.766100004,OK
CCRs-1-high-0-overlap-0:00,CCRs-1-high-0-overlap-0,CCRs-1,garl_event_only_shared_preparation,cpu_prepare,1,false,547.766100004,OK
CCRs-1-high-0-overlap-0:00,CCRs-1-high-0-overlap-0,CCRs-1,h8_system_three_heads,cpu_prepare,2,false,645.890600019,OK
CCRs-1-high-0-overlap-0:00,CCRs-1-high-0-overlap-0,CCRs-1,garl_event_only_shared_preparation,cpu_prepare,2,false,645.890600019,OK
CCRs-1-high-0-overlap-0:00,CCRs-1-high-0-overlap-0,CCRs-1,h8_system_three_heads,cpu_prepare,3,false,539.329899999,OK
CCRs-1-high-0-overlap-0:00,CCRs-1-high-0-overlap-0,CCRs-1,garl_event_only_shared_preparation,cpu_prepare,3,false,539.329899999,OK
CCRs-1-high-0-overlap-0:00,CCRs-1-high-0-overlap-0,CCRs-1,garl_full_rgb_event,cpu_prepare,0,true,516.718700004,OK
CCRs-1-high-0-overlap-0:00,CCRs-1-high-0-overlap-0,CCRs-1,garl_full_rgb_event,cpu_prepare,1,false,394.805699994,OK
CCRs-1-high-0-overlap-0:00,CCRs-1-high-0-overlap-0,CCRs-1,garl_full_rgb_event,cpu_prepare,2,false,487.846500007,OK
CCRs-1-high-0-overlap-0:00,CCRs-1-high-0-overlap-0,CCRs-1,garl_full_rgb_event,cpu_prepare,3,false,441.530100012,OK
CCRs-1-high-0-overlap-0:00,CCRs-1-high-0-overlap-0,CCRs-1,h8_system_three_heads,gpu_inference,0,true,157.190600003,OK
CCRs-1-high-0-overlap-0:00,CCRs-1-high-0-overlap-0,CCRs-1,h8_system_three_heads,gpu_inference,1,true,128.347199992,OK
CCRs-1-high-0-overlap-0:00,CCRs-1-high-0-overlap-0,CCRs-1,h8_system_three_heads,gpu_inference,2,true,106.192100007,OK
CCRs-1-high-0-overlap-0:00,CCRs-1-high-0-overlap-0,CCRs-1,h8_system_three_heads,gpu_inference,3,true,113.815500023,OK
CCRs-1-high-0-overlap-0:00,CCRs-1-high-0-overlap-0,CCRs-1,h8_system_three_heads,gpu_inference,4,true,149.535100005,OK
CCRs-1-high-0-overlap-0:00,CCRs-1-high-0-overlap-0,CCRs-1,h8_system_three_heads,gpu_inference,5,false,156.629500008,OK
CCRs-1-high-0-overlap-0:00,CCRs-1-high-0-overlap-0,CCRs-1,h8_system_three_heads,gpu_inference,6,false,110.061699990,OK
CCRs-1-high-0-overlap-0:00,CCRs-1-high-0-overlap-0,CCRs-1,h8_system_three_heads,gpu_inference,7,false,112.502999982,OK
CCRs-1-high-0-overlap-0:00,CCRs-1-high-0-overlap-0,CCRs-1,h8_system_three_heads,gpu_inference,8,false,143.138899992,OK
CCRs-1-high-0-overlap-0:00,CCRs-1-high-0-overlap-0,CCRs-1,h8_system_three_heads,gpu_inference,9,false,108.098900004,OK
CCRs-1-high-0-overlap-0:00,CCRs-1-high-0-overlap-0,CCRs-1,h8_system_three_heads,gpu_inference,10,false,108.384099993,OK
CCRs-1-high-0-overlap-0:00,CCRs-1-high-0-overlap-0,CCRs-1,h8_system_three_heads,gpu_inference,11,false,126.863499987,OK
CCRs-1-high-0-overlap-0:00,CCRs-1-high-0-overlap-0,CCRs-1,h8_system_three_heads,gpu_inference,12,false,154.087300005,OK
CCRs-1-high-0-overlap-0:00,CCRs-1-high-0-overlap-0,CCRs-1,h8_system_three_heads,gpu_inference,13,false,130.527700006,OK
CCRs-1-high-0-overlap-0:00,CCRs-1-high-0-overlap-0,CCRs-1,h8_system_three_heads,gpu_inference,14,false,108.332300006,OK
CCRs-1-high-0-overlap-0:00,CCRs-1-high-0-overlap-0,CCRs-1,h8_system_three_heads,gpu_inference,15,false,102.537599974,OK
CCRs-1-high-0-overlap-0:00,CCRs-1-high-0-overlap-0,CCRs-1,h8_system_three_heads,gpu_inference,16,false,150.620200002,OK
CCRs-1-high-0-overlap-0:00,CCRs-1-high-0-overlap-0,CCRs-1,h8_system_three_heads,gpu_inference,17,false,132.847300003,OK
CCRs-1-high-0-overlap-0:00,CCRs-1-high-0-overlap-0,CCRs-1,h8_system_three_heads,gpu_inference,18,false,107.085399999,OK
CCRs-1-high-0-overlap-0:00,CCRs-1-high-0-overlap-0,CCRs-1,h8_system_three_heads,gpu_inference,19,false,118.454700016,OK
CCRs-1-high-0-overlap-0:00,CCRs-1-high-0-overlap-0,CCRs-1,h8_system_three_heads,gpu_inference,20,false,163.437799987,OK
CCRs-1-high-0-overlap-0:00,CCRs-1-high-0-overlap-0,CCRs-1,h8_system_three_heads,gpu_inference,21,false,121.542999987,OK
CCRs-1-high-0-overlap-0:00,CCRs-1-high-0-overlap-0,CCRs-1,h8_system_three_heads,gpu_inference,22,false,105.908199999,OK
CCRs-1-high-0-overlap-0:00,CCRs-1-high-0-overlap-0,CCRs-1,h8_system_three_heads,gpu_inference,23,false,187.347700004,OK
CCRs-1-high-0-overlap-0:00,CCRs-1-high-0-overlap-0,CCRs-1,h8_system_three_heads,gpu_inference,24,false,224.911300000,OK
CCRs-1-high-0-overlap-0:00,CCRs-1-high-0-overlap-0,CCRs-1,garl_event_only_shared_preparation,gpu_inference,0,true,9.595400013,OK
CCRs-1-high-0-overlap-0:00,CCRs-1-high-0-overlap-0,CCRs-1,garl_event_only_shared_preparation,gpu_inference,1,true,9.292999981,OK
CCRs-1-high-0-overlap-0:00,CCRs-1-high-0-overlap-0,CCRs-1,garl_event_only_shared_preparation,gpu_inference,2,true,10.349199991,OK
CCRs-1-high-0-overlap-0:00,CCRs-1-high-0-overlap-0,CCRs-1,garl_event_only_shared_preparation,gpu_inference,3,true,9.349300002,OK
CCRs-1-high-0-overlap-0:00,CCRs-1-high-0-overlap-0,CCRs-1,garl_event_only_shared_preparation,gpu_inference,4,true,9.246600006,OK
CCRs-1-high-0-overlap-0:00,CCRs-1-high-0-overlap-0,CCRs-1,garl_event_only_shared_preparation,gpu_inference,5,false,9.045400016,OK
CCRs-1-high-0-overlap-0:00,CCRs-1-high-0-overlap-0,CCRs-1,garl_event_only_shared_preparation,gpu_inference,6,false,9.098999988,OK
CCRs-1-high-0-overlap-0:00,CCRs-1-high-0-overlap-0,CCRs-1,garl_event_only_shared_preparation,gpu_inference,7,false,8.646800008,OK
CCRs-1-high-0-overlap-0:00,CCRs-1-high-0-overlap-0,CCRs-1,garl_event_only_shared_preparation,gpu_inference,8,false,8.892599988,OK
CCRs-1-high-0-overlap-0:00,CCRs-1-high-0-overlap-0,CCRs-1,garl_event_only_shared_preparation,gpu_inference,9,false,8.099100000,OK
CCRs-1-high-0-overlap-0:00,CCRs-1-high-0-overlap-0,CCRs-1,garl_event_only_shared_preparation,gpu_inference,10,false,8.299200010,OK
CCRs-1-high-0-overlap-0:00,CCRs-1-high-0-overlap-0,CCRs-1,garl_event_only_shared_preparation,gpu_inference,11,false,8.691299998,OK
CCRs-1-high-0-overlap-0:00,CCRs-1-high-0-overlap-0,CCRs-1,garl_event_only_shared_preparation,gpu_inference,12,false,7.688099984,OK
CCRs-1-high-0-overlap-0:00,CCRs-1-high-0-overlap-0,CCRs-1,garl_event_only_shared_preparation,gpu_inference,13,false,7.115199987,OK
CCRs-1-high-0-overlap-0:00,CCRs-1-high-0-overlap-0,CCRs-1,garl_event_only_shared_preparation,gpu_inference,14,false,7.174099999,OK
CCRs-1-high-0-overlap-0:00,CCRs-1-high-0-overlap-0,CCRs-1,garl_event_only_shared_preparation,gpu_inference,15,false,7.508699986,OK
CCRs-1-high-0-overlap-0:00,CCRs-1-high-0-overlap-0,CCRs-1,garl_event_only_shared_preparation,gpu_inference,16,false,7.267500012,OK
CCRs-1-high-0-overlap-0:00,CCRs-1-high-0-overlap-0,CCRs-1,garl_event_only_shared_preparation,gpu_inference,17,false,7.396800007,OK
CCRs-1-high-0-overlap-0:00,CCRs-1-high-0-overlap-0,CCRs-1,garl_event_only_shared_preparation,gpu_inference,18,false,7.100400020,OK
CCRs-1-high-0-overlap-0:00,CCRs-1-high-0-overlap-0,CCRs-1,garl_event_only_shared_preparation,gpu_inference,19,false,7.016199990,OK
CCRs-1-high-0-overlap-0:00,CCRs-1-high-0-overlap-0,CCRs-1,garl_event_only_shared_preparation,gpu_inference,20,false,7.209200005,OK
CCRs-1-high-0-overlap-0:00,CCRs-1-high-0-overlap-0,CCRs-1,garl_event_only_shared_preparation,gpu_inference,21,false,7.069699990,OK
CCRs-1-high-0-overlap-0:00,CCRs-1-high-0-overlap-0,CCRs-1,garl_event_only_shared_preparation,gpu_inference,22,false,6.595899991,OK
CCRs-1-high-0-overlap-0:00,CCRs-1-high-0-overlap-0,CCRs-1,garl_event_only_shared_preparation,gpu_inference,23,false,6.969599985,OK
CCRs-1-high-0-overlap-0:00,CCRs-1-high-0-overlap-0,CCRs-1,garl_event_only_shared_preparation,gpu_inference,24,false,6.447499996,OK
CCRs-1-high-0-overlap-0:00,CCRs-1-high-0-overlap-0,CCRs-1,garl_full_rgb_event,gpu_inference,0,true,37.224500004,OK
CCRs-1-high-0-overlap-0:00,CCRs-1-high-0-overlap-0,CCRs-1,garl_full_rgb_event,gpu_inference,1,true,35.907800018,OK
CCRs-1-high-0-overlap-0:00,CCRs-1-high-0-overlap-0,CCRs-1,garl_full_rgb_event,gpu_inference,2,true,36.384300009,OK
CCRs-1-high-0-overlap-0:00,CCRs-1-high-0-overlap-0,CCRs-1,garl_full_rgb_event,gpu_inference,3,true,35.638000001,OK
CCRs-1-high-0-overlap-0:00,CCRs-1-high-0-overlap-0,CCRs-1,garl_full_rgb_event,gpu_inference,4,true,35.188899987,OK
CCRs-1-high-0-overlap-0:00,CCRs-1-high-0-overlap-0,CCRs-1,garl_full_rgb_event,gpu_inference,5,false,35.269699991,OK
CCRs-1-high-0-overlap-0:00,CCRs-1-high-0-overlap-0,CCRs-1,garl_full_rgb_event,gpu_inference,6,false,34.775300010,OK
CCRs-1-high-0-overlap-0:00,CCRs-1-high-0-overlap-0,CCRs-1,garl_full_rgb_event,gpu_inference,7,false,35.694899998,OK
CCRs-1-high-0-overlap-0:00,CCRs-1-high-0-overlap-0,CCRs-1,garl_full_rgb_event,gpu_inference,8,false,35.680700006,OK
CCRs-1-high-0-overlap-0:00,CCRs-1-high-0-overlap-0,CCRs-1,garl_full_rgb_event,gpu_inference,9,false,38.535700005,OK
CCRs-1-high-0-overlap-0:00,CCRs-1-high-0-overlap-0,CCRs-1,garl_full_rgb_event,gpu_inference,10,false,37.120800000,OK
CCRs-1-high-0-overlap-0:00,CCRs-1-high-0-overlap-0,CCRs-1,garl_full_rgb_event,gpu_inference,11,false,35.486999986,OK
CCRs-1-high-0-overlap-0:00,CCRs-1-high-0-overlap-0,CCRs-1,garl_full_rgb_event,gpu_inference,12,false,35.886500002,OK
CCRs-1-high-0-overlap-0:00,CCRs-1-high-0-overlap-0,CCRs-1,garl_full_rgb_event,gpu_inference,13,false,36.754400004,OK
CCRs-1-high-0-overlap-0:00,CCRs-1-high-0-overlap-0,CCRs-1,garl_full_rgb_event,gpu_inference,14,false,36.259199987,OK
CCRs-1-high-0-overlap-0:00,CCRs-1-high-0-overlap-0,CCRs-1,garl_full_rgb_event,gpu_inference,15,false,35.933100007,OK
CCRs-1-high-0-overlap-0:00,CCRs-1-high-0-overlap-0,CCRs-1,garl_full_rgb_event,gpu_inference,16,false,36.283699999,OK
CCRs-1-high-0-overlap-0:00,CCRs-1-high-0-overlap-0,CCRs-1,garl_full_rgb_event,gpu_inference,17,false,35.673700011,OK
CCRs-1-high-0-overlap-0:00,CCRs-1-high-0-overlap-0,CCRs-1,garl_full_rgb_event,gpu_inference,18,false,37.525099993,OK
CCRs-1-high-0-overlap-0:00,CCRs-1-high-0-overlap-0,CCRs-1,garl_full_rgb_event,gpu_inference,19,false,37.448699994,OK
CCRs-1-high-0-overlap-0:00,CCRs-1-high-0-overlap-0,CCRs-1,garl_full_rgb_event,gpu_inference,20,false,37.383599993,OK
CCRs-1-high-0-overlap-0:00,CCRs-1-high-0-overlap-0,CCRs-1,garl_full_rgb_event,gpu_inference,21,false,37.630499981,OK
CCRs-1-high-0-overlap-0:00,CCRs-1-high-0-overlap-0,CCRs-1,garl_full_rgb_event,gpu_inference,22,false,38.431800000,OK
CCRs-1-high-0-overlap-0:00,CCRs-1-high-0-overlap-0,CCRs-1,garl_full_rgb_event,gpu_inference,23,false,37.678599998,OK
CCRs-1-high-0-overlap-0:00,CCRs-1-high-0-overlap-0,CCRs-1,garl_full_rgb_event,gpu_inference,24,false,37.561599980,OK
CCRs-1-high-0-overlap-0:00,CCRs-1-high-0-overlap-0,CCRs-1,h8_system_three_heads,sequential_end_to_end,0,false,907.501100010,OK
CCRs-1-high-0-overlap-0:00,CCRs-1-high-0-overlap-0,CCRs-1,h8_system_three_heads,sequential_end_to_end,1,false,939.657399984,OK
CCRs-1-high-0-overlap-0:00,CCRs-1-high-0-overlap-0,CCRs-1,h8_system_three_heads,sequential_end_to_end,2,false,1031.512699992,OK
CCRs-1-high-0-overlap-0:00,CCRs-1-high-0-overlap-0,CCRs-1,garl_event_only_shared_preparation,sequential_end_to_end,0,false,1090.264300001,OK
CCRs-1-high-0-overlap-0:00,CCRs-1-high-0-overlap-0,CCRs-1,garl_event_only_shared_preparation,sequential_end_to_end,1,false,1060.931399988,OK
CCRs-1-high-0-overlap-0:00,CCRs-1-high-0-overlap-0,CCRs-1,garl_event_only_shared_preparation,sequential_end_to_end,2,false,726.843600016,OK
CCRs-1-high-0-overlap-0:00,CCRs-1-high-0-overlap-0,CCRs-1,garl_full_rgb_event,sequential_end_to_end,0,false,613.226000016,OK
CCRs-1-high-0-overlap-0:00,CCRs-1-high-0-overlap-0,CCRs-1,garl_full_rgb_event,sequential_end_to_end,1,false,636.009300011,OK
CCRs-1-high-0-overlap-0:00,CCRs-1-high-0-overlap-0,CCRs-1,garl_full_rgb_event,sequential_end_to_end,2,false,552.584999998,OK
